"analysis_date"	"sample_id"	"lake"	"date"	"depth"	"replicate"	"parameter"	"value"
"1"	"1/15/21 14:20"	"SSB_2020-05-04_0_A"	"SSB"	2020-05-04	"0"	"A"	"CO2_TCD"	3834
"2"	"1/15/21 14:20"	"SSB_2020-05-04_0_A"	"SSB"	2020-05-04	"0"	"A"	"CH4_TCD"	1521
"3"	"1/15/21 14:20"	"SSB_2020-05-04_0_A"	"SSB"	2020-05-04	"0"	"A"	"N2O_ECD"	0
"4"	"1/15/21 14:35"	"SSB_2020-05-04_0_B"	"SSB"	2020-05-04	"0"	"B"	"CO2_TCD"	2430
"5"	"1/15/21 14:35"	"SSB_2020-05-04_0_B"	"SSB"	2020-05-04	"0"	"B"	"CH4_TCD"	1277
"6"	"1/15/21 14:35"	"SSB_2020-05-04_0_B"	"SSB"	2020-05-04	"0"	"B"	"N2O_ECD"	0
"7"	"1/15/21 14:50"	"SSB_2020-05-04_0_C"	"SSB"	2020-05-04	"0"	"C"	"CO2_FID"	644
"8"	"1/15/21 14:50"	"SSB_2020-05-04_0_C"	"SSB"	2020-05-04	"0"	"C"	"CH4_TCD"	1450
"9"	"1/15/21 14:50"	"SSB_2020-05-04_0_C"	"SSB"	2020-05-04	"0"	"C"	"N2O_ECD"	0
"10"	"1/15/21 15:05"	"SSB_2020-05-04_3_A"	"SSB"	2020-05-04	"3"	"A"	"CO2_TCD"	8904
"11"	"1/15/21 15:05"	"SSB_2020-05-04_3_A"	"SSB"	2020-05-04	"3"	"A"	"CH4_TCD"	5453
"12"	"1/15/21 15:05"	"SSB_2020-05-04_3_A"	"SSB"	2020-05-04	"3"	"A"	"N2O_ECD"	0
"13"	"1/15/21 15:20"	"SSB_2020-05-04_3_B"	"SSB"	2020-05-04	"3"	"B"	"CO2_TCD"	8427
"14"	"1/15/21 15:20"	"SSB_2020-05-04_3_B"	"SSB"	2020-05-04	"3"	"B"	"CH4_TCD"	5528
"15"	"1/15/21 15:20"	"SSB_2020-05-04_3_B"	"SSB"	2020-05-04	"3"	"B"	"N2O_ECD"	0
"16"	"1/15/21 15:35"	"SSB_2020-05-04_3_C"	"SSB"	2020-05-04	"3"	"C"	"CO2_TCD"	8582
"17"	"1/15/21 15:35"	"SSB_2020-05-04_3_C"	"SSB"	2020-05-04	"3"	"C"	"CH4_TCD"	5440
"18"	"1/15/21 15:35"	"SSB_2020-05-04_3_C"	"SSB"	2020-05-04	"3"	"C"	"N2O_ECD"	0
"19"	"1/15/21 15:50"	"SSB_2020-05-04_5_A"	"SSB"	2020-05-04	"5"	"A"	"CO2_TCD"	11135
"20"	"1/15/21 15:50"	"SSB_2020-05-04_5_A"	"SSB"	2020-05-04	"5"	"A"	"CH4_TCD"	15004
"21"	"1/15/21 15:50"	"SSB_2020-05-04_5_A"	"SSB"	2020-05-04	"5"	"A"	"N2O_ECD"	0
"22"	"1/15/21 16:05"	"SSB_2020-05-04_5_B"	"SSB"	2020-05-04	"5"	"B"	"CO2_TCD"	11171
"23"	"1/15/21 16:05"	"SSB_2020-05-04_5_B"	"SSB"	2020-05-04	"5"	"B"	"CH4_TCD"	15132
"24"	"1/15/21 16:05"	"SSB_2020-05-04_5_B"	"SSB"	2020-05-04	"5"	"B"	"N2O_ECD"	0
"25"	"1/15/21 16:20"	"SSB_2020-05-04_5_C"	"SSB"	2020-05-04	"5"	"C"	"CO2_TCD"	10977
"26"	"1/15/21 16:20"	"SSB_2020-05-04_5_C"	"SSB"	2020-05-04	"5"	"C"	"CH4_TCD"	15581
"27"	"1/15/21 16:20"	"SSB_2020-05-04_5_C"	"SSB"	2020-05-04	"5"	"C"	"N2O_ECD"	-1
"28"	"1/15/21 16:35"	"SSB_2020-05-04_7_A"	"SSB"	2020-05-04	"7"	"A"	"CO2_TCD"	18115
"29"	"1/15/21 16:35"	"SSB_2020-05-04_7_A"	"SSB"	2020-05-04	"7"	"A"	"CH4_TCD"	37102
"30"	"1/15/21 16:35"	"SSB_2020-05-04_7_A"	"SSB"	2020-05-04	"7"	"A"	"N2O_ECD"	0
"31"	"1/15/21 16:50"	"SSB_2020-05-04_7_B"	"SSB"	2020-05-04	"7"	"B"	"CO2_TCD"	17895
"32"	"1/15/21 16:50"	"SSB_2020-05-04_7_B"	"SSB"	2020-05-04	"7"	"B"	"CH4_TCD"	35912
"33"	"1/15/21 16:50"	"SSB_2020-05-04_7_B"	"SSB"	2020-05-04	"7"	"B"	"N2O_ECD"	0
"34"	"1/15/21 17:05"	"SSB_2020-05-04_7_C"	"SSB"	2020-05-04	"7"	"C"	"CO2_TCD"	17044
"35"	"1/15/21 17:05"	"SSB_2020-05-04_7_C"	"SSB"	2020-05-04	"7"	"C"	"CH4_TCD"	36171
"36"	"1/15/21 17:05"	"SSB_2020-05-04_7_C"	"SSB"	2020-05-04	"7"	"C"	"N2O_ECD"	-1
"37"	"1/15/21 17:20"	"SSB_2020-05-04_Air_1"	"SSB"	2020-05-04	"Air"	"1"	"CO2_FID"	406
"38"	"1/15/21 17:20"	"SSB_2020-05-04_Air_1"	"SSB"	2020-05-04	"Air"	"1"	"CH4_FID"	117
"39"	"1/15/21 17:20"	"SSB_2020-05-04_Air_1"	"SSB"	2020-05-04	"Air"	"1"	"N2O_ECD"	0
"40"	"1/15/21 17:35"	"SSB_2020-05-04_Air_2"	"SSB"	2020-05-04	"Air"	"2"	"CO2_FID"	362
"41"	"1/15/21 17:35"	"SSB_2020-05-04_Air_2"	"SSB"	2020-05-04	"Air"	"2"	"CH4_FID"	35
"42"	"1/15/21 17:35"	"SSB_2020-05-04_Air_2"	"SSB"	2020-05-04	"Air"	"2"	"N2O_ECD"	0
"43"	"1/15/21 17:50"	"SSB_2020-05-04_Air_3"	"SSB"	2020-05-04	"Air"	"3"	"CO2_FID"	400
"44"	"1/15/21 17:50"	"SSB_2020-05-04_Air_3"	"SSB"	2020-05-04	"Air"	"3"	"CH4_FID"	17
"45"	"1/15/21 17:50"	"SSB_2020-05-04_Air_3"	"SSB"	2020-05-04	"Air"	"3"	"N2O_ECD"	0
"46"	"1/15/21 18:05"	"TB_2020-05-04_0_A"	"TB"	2020-05-04	"0"	"A"	"CO2_TCD"	5674
"47"	"1/15/21 18:05"	"TB_2020-05-04_0_A"	"TB"	2020-05-04	"0"	"A"	"CH4_TCD"	1894
"48"	"1/15/21 18:05"	"TB_2020-05-04_0_A"	"TB"	2020-05-04	"0"	"A"	"N2O_ECD"	-1
"49"	"1/15/21 18:20"	"TB_2020-05-04_0_B"	"TB"	2020-05-04	"0"	"B"	"CO2_TCD"	5872
"50"	"1/15/21 18:20"	"TB_2020-05-04_0_B"	"TB"	2020-05-04	"0"	"B"	"CH4_TCD"	2014
"51"	"1/15/21 18:20"	"TB_2020-05-04_0_B"	"TB"	2020-05-04	"0"	"B"	"N2O_ECD"	0
"52"	"1/15/21 18:35"	"TB_2020-05-04_0_C"	"TB"	2020-05-04	"0"	"C"	"CO2_TCD"	5611
"53"	"1/15/21 18:35"	"TB_2020-05-04_0_C"	"TB"	2020-05-04	"0"	"C"	"CH4_TCD"	2054
"54"	"1/15/21 18:35"	"TB_2020-05-04_0_C"	"TB"	2020-05-04	"0"	"C"	"N2O_ECD"	-1
"55"	"1/15/21 18:50"	"TB_2020-05-04_3_A"	"TB"	2020-05-04	"3"	"A"	"CO2_TCD"	7881
"56"	"1/15/21 18:50"	"TB_2020-05-04_3_A"	"TB"	2020-05-04	"3"	"A"	"CH4_TCD"	3945
"57"	"1/15/21 18:50"	"TB_2020-05-04_3_A"	"TB"	2020-05-04	"3"	"A"	"N2O_ECD"	-1
"58"	"1/15/21 19:05"	"TB_2020-05-04_3_B"	"TB"	2020-05-04	"3"	"B"	"CO2_TCD"	7747
"59"	"1/15/21 19:05"	"TB_2020-05-04_3_B"	"TB"	2020-05-04	"3"	"B"	"CH4_TCD"	4195
"60"	"1/15/21 19:05"	"TB_2020-05-04_3_B"	"TB"	2020-05-04	"3"	"B"	"N2O_ECD"	-1
"61"	"1/15/21 19:20"	"TB_2020-05-04_3_C"	"TB"	2020-05-04	"3"	"C"	"CO2_TCD"	7751
"62"	"1/15/21 19:20"	"TB_2020-05-04_3_C"	"TB"	2020-05-04	"3"	"C"	"CH4_TCD"	3944
"63"	"1/15/21 19:20"	"TB_2020-05-04_3_C"	"TB"	2020-05-04	"3"	"C"	"N2O_ECD"	-1
"64"	"1/15/21 19:35"	"TB_2020-05-04_5_A"	"TB"	2020-05-04	"5"	"A"	"CO2_TCD"	8203
"65"	"1/15/21 19:35"	"TB_2020-05-04_5_A"	"TB"	2020-05-04	"5"	"A"	"CH4_TCD"	4921
"66"	"1/15/21 19:35"	"TB_2020-05-04_5_A"	"TB"	2020-05-04	"5"	"A"	"N2O_ECD"	-1
"67"	"1/15/21 19:50"	"TB_2020-05-04_5_B"	"TB"	2020-05-04	"5"	"B"	"CO2_TCD"	8098
"68"	"1/15/21 19:50"	"TB_2020-05-04_5_B"	"TB"	2020-05-04	"5"	"B"	"CH4_TCD"	4753
"69"	"1/15/21 19:50"	"TB_2020-05-04_5_B"	"TB"	2020-05-04	"5"	"B"	"N2O_ECD"	-1
"70"	"1/15/21 20:06"	"TB_2020-05-04_5_C"	"TB"	2020-05-04	"5"	"C"	"CO2_TCD"	2535
"71"	"1/15/21 20:06"	"TB_2020-05-04_5_C"	"TB"	2020-05-04	"5"	"C"	"CH4_TCD"	1208
"72"	"1/15/21 20:06"	"TB_2020-05-04_5_C"	"TB"	2020-05-04	"5"	"C"	"N2O_ECD"	-1
"73"	"1/15/21 20:21"	"TB_2020-05-04_7_A"	"TB"	2020-05-04	"7"	"A"	"CO2_TCD"	10063
"74"	"1/15/21 20:21"	"TB_2020-05-04_7_A"	"TB"	2020-05-04	"7"	"A"	"CH4_TCD"	10958
"75"	"1/15/21 20:21"	"TB_2020-05-04_7_A"	"TB"	2020-05-04	"7"	"A"	"N2O_ECD"	-1
"76"	"1/15/21 20:36"	"TB_2020-05-04_7_B"	"TB"	2020-05-04	"7"	"B"	"CO2_TCD"	10139
"77"	"1/15/21 20:36"	"TB_2020-05-04_7_B"	"TB"	2020-05-04	"7"	"B"	"CH4_TCD"	10952
"78"	"1/15/21 20:36"	"TB_2020-05-04_7_B"	"TB"	2020-05-04	"7"	"B"	"N2O_ECD"	-1
"79"	"1/15/21 20:51"	"TB_2020-05-04_7_C"	"TB"	2020-05-04	"7"	"C"	"CO2_TCD"	9743
"80"	"1/15/21 20:51"	"TB_2020-05-04_7_C"	"TB"	2020-05-04	"7"	"C"	"CH4_TCD"	9456
"81"	"1/15/21 20:51"	"TB_2020-05-04_7_C"	"TB"	2020-05-04	"7"	"C"	"N2O_ECD"	-1
"82"	"1/15/21 21:06"	"TB_2020-05-04_Air_1"	"TB"	2020-05-04	"Air"	"1"	"CO2_FID"	373
"83"	"1/15/21 21:06"	"TB_2020-05-04_Air_1"	"TB"	2020-05-04	"Air"	"1"	"CH4_FID"	34
"84"	"1/15/21 21:06"	"TB_2020-05-04_Air_1"	"TB"	2020-05-04	"Air"	"1"	"N2O_ECD"	0
"85"	"1/15/21 21:21"	"TB_2020-05-04_Air_2"	"TB"	2020-05-04	"Air"	"2"	"CO2_FID"	353
"86"	"1/15/21 21:21"	"TB_2020-05-04_Air_2"	"TB"	2020-05-04	"Air"	"2"	"CH4_FID"	12
"87"	"1/15/21 21:21"	"TB_2020-05-04_Air_2"	"TB"	2020-05-04	"Air"	"2"	"N2O_ECD"	0
"88"	"1/15/21 21:36"	"TB_2020-05-04_Air_3"	"TB"	2020-05-04	"Air"	"3"	"CO2_FID"	356
"89"	"1/15/21 21:36"	"TB_2020-05-04_Air_3"	"TB"	2020-05-04	"Air"	"3"	"CH4_FID"	7
"90"	"1/15/21 21:36"	"TB_2020-05-04_Air_3"	"TB"	2020-05-04	"Air"	"3"	"N2O_ECD"	0
"91"	"1/15/21 21:51"	"TB_2020-10-30_0_A"	"TB"	2020-10-30	"0"	"A"	"CO2_TCD"	5644
"92"	"1/15/21 21:51"	"TB_2020-10-30_0_A"	"TB"	2020-10-30	"0"	"A"	"CH4_TCD"	1640
"93"	"1/15/21 21:51"	"TB_2020-10-30_0_A"	"TB"	2020-10-30	"0"	"A"	"N2O_ECD"	-1
"94"	"1/15/21 22:06"	"TB_2020-10-30_0_B"	"TB"	2020-10-30	"0"	"B"	"CO2_TCD"	5523
"95"	"1/15/21 22:06"	"TB_2020-10-30_0_B"	"TB"	2020-10-30	"0"	"B"	"CH4_TCD"	1644
"96"	"1/15/21 22:06"	"TB_2020-10-30_0_B"	"TB"	2020-10-30	"0"	"B"	"N2O_ECD"	0
"97"	"1/15/21 22:21"	"TB_2020-10-30_0_C"	"TB"	2020-10-30	"0"	"C"	"CO2_TCD"	5756
"98"	"1/15/21 22:21"	"TB_2020-10-30_0_C"	"TB"	2020-10-30	"0"	"C"	"CH4_TCD"	1701
"99"	"1/15/21 22:21"	"TB_2020-10-30_0_C"	"TB"	2020-10-30	"0"	"C"	"N2O_ECD"	0
"100"	"1/15/21 22:36"	"TB_2020-10-30_3_A"	"TB"	2020-10-30	"3"	"A"	"CO2_TCD"	3856
"101"	"1/15/21 22:36"	"TB_2020-10-30_3_A"	"TB"	2020-10-30	"3"	"A"	"CH4_TCD"	1149
"102"	"1/15/21 22:36"	"TB_2020-10-30_3_A"	"TB"	2020-10-30	"3"	"A"	"N2O_ECD"	0
"103"	"1/15/21 22:51"	"TB_2020-10-30_3_B"	"TB"	2020-10-30	"3"	"B"	"CO2_TCD"	5833
"104"	"1/15/21 22:51"	"TB_2020-10-30_3_B"	"TB"	2020-10-30	"3"	"B"	"CH4_TCD"	1795
"105"	"1/15/21 22:51"	"TB_2020-10-30_3_B"	"TB"	2020-10-30	"3"	"B"	"N2O_ECD"	-1
"106"	"1/15/21 23:06"	"TB_2020-10-30_3_C"	"TB"	2020-10-30	"3"	"C"	"CO2_TCD"	5715
"107"	"1/15/21 23:06"	"TB_2020-10-30_3_C"	"TB"	2020-10-30	"3"	"C"	"CH4_TCD"	1706
"108"	"1/15/21 23:06"	"TB_2020-10-30_3_C"	"TB"	2020-10-30	"3"	"C"	"N2O_ECD"	-1
"109"	"1/15/21 23:21"	"TB_2020-10-30_5_A"	"TB"	2020-10-30	"5"	"A"	"CO2_TCD"	6019
"110"	"1/15/21 23:21"	"TB_2020-10-30_5_A"	"TB"	2020-10-30	"5"	"A"	"CH4_TCD"	2383
"111"	"1/15/21 23:21"	"TB_2020-10-30_5_A"	"TB"	2020-10-30	"5"	"A"	"N2O_ECD"	-1
"112"	"1/15/21 23:36"	"TB_2020-10-30_5_B"	"TB"	2020-10-30	"5"	"B"	"CO2_TCD"	6337
"113"	"1/15/21 23:36"	"TB_2020-10-30_5_B"	"TB"	2020-10-30	"5"	"B"	"CH4_TCD"	3679
"114"	"1/15/21 23:36"	"TB_2020-10-30_5_B"	"TB"	2020-10-30	"5"	"B"	"N2O_ECD"	-1
"115"	"1/15/21 23:51"	"TB_2020-10-30_5_C"	"TB"	2020-10-30	"5"	"C"	"CO2_TCD"	6660
"116"	"1/15/21 23:51"	"TB_2020-10-30_5_C"	"TB"	2020-10-30	"5"	"C"	"CH4_TCD"	4154
"117"	"1/15/21 23:51"	"TB_2020-10-30_5_C"	"TB"	2020-10-30	"5"	"C"	"N2O_ECD"	0
"118"	"1/16/21 0:06"	"TB_2020-10-30_7_A"	"TB"	2020-10-30	"7"	"A"	"CO2_TCD"	12918
"119"	"1/16/21 0:06"	"TB_2020-10-30_7_A"	"TB"	2020-10-30	"7"	"A"	"CH4_TCD"	19109
"120"	"1/16/21 0:06"	"TB_2020-10-30_7_A"	"TB"	2020-10-30	"7"	"A"	"N2O_ECD"	-1
"121"	"1/16/21 0:21"	"TB_2020-10-30_7_B"	"TB"	2020-10-30	"7"	"B"	"CO2_TCD"	12526
"122"	"1/16/21 0:21"	"TB_2020-10-30_7_B"	"TB"	2020-10-30	"7"	"B"	"CH4_TCD"	17362
"123"	"1/16/21 0:21"	"TB_2020-10-30_7_B"	"TB"	2020-10-30	"7"	"B"	"N2O_ECD"	-1
"124"	"1/16/21 0:36"	"TB_2020-10-30_7_C"	"TB"	2020-10-30	"7"	"C"	"CO2_TCD"	12174
"125"	"1/16/21 0:36"	"TB_2020-10-30_7_C"	"TB"	2020-10-30	"7"	"C"	"CH4_TCD"	16984
"126"	"1/16/21 0:36"	"TB_2020-10-30_7_C"	"TB"	2020-10-30	"7"	"C"	"N2O_ECD"	-1
"127"	"1/16/21 0:51"	"TB_2020-10-30_Air_1"	"TB"	2020-10-30	"Air"	"1"	"CO2_FID"	377
"128"	"1/16/21 0:51"	"TB_2020-10-30_Air_1"	"TB"	2020-10-30	"Air"	"1"	"CH4_FID"	58
"129"	"1/16/21 0:51"	"TB_2020-10-30_Air_1"	"TB"	2020-10-30	"Air"	"1"	"N2O_ECD"	-1
"130"	"1/16/21 1:06"	"TB_2020-10-30_Air_2"	"TB"	2020-10-30	"Air"	"2"	"CO2_FID"	350
"131"	"1/16/21 1:06"	"TB_2020-10-30_Air_2"	"TB"	2020-10-30	"Air"	"2"	"CH4_FID"	18
"132"	"1/16/21 1:06"	"TB_2020-10-30_Air_2"	"TB"	2020-10-30	"Air"	"2"	"N2O_ECD"	0
"133"	"1/16/21 1:21"	"TB_2020-10-30_Air_3"	"TB"	2020-10-30	"Air"	"3"	"CO2_FID"	346
"134"	"1/16/21 1:21"	"TB_2020-10-30_Air_3"	"TB"	2020-10-30	"Air"	"3"	"CH4_FID"	9
"135"	"1/16/21 1:21"	"TB_2020-10-30_Air_3"	"TB"	2020-10-30	"Air"	"3"	"N2O_ECD"	0
"136"	"1/16/21 1:36"	"SSB_2020-10-30_0_A"	"SSB"	2020-10-30	"0"	"A"	"CO2_TCD"	7054
"137"	"1/16/21 1:36"	"SSB_2020-10-30_0_A"	"SSB"	2020-10-30	"0"	"A"	"CH4_TCD"	3889
"138"	"1/16/21 1:36"	"SSB_2020-10-30_0_A"	"SSB"	2020-10-30	"0"	"A"	"N2O_ECD"	-1
"139"	"1/16/21 1:51"	"SSB_2020-10-30_0_B"	"SSB"	2020-10-30	"0"	"B"	"CO2_TCD"	7022
"140"	"1/16/21 1:51"	"SSB_2020-10-30_0_B"	"SSB"	2020-10-30	"0"	"B"	"CH4_TCD"	3798
"141"	"1/16/21 1:51"	"SSB_2020-10-30_0_B"	"SSB"	2020-10-30	"0"	"B"	"N2O_ECD"	-1
"142"	"1/16/21 2:06"	"SSB_2020-10-30_0_C"	"SSB"	2020-10-30	"0"	"C"	"CO2_TCD"	6984
"143"	"1/16/21 2:06"	"SSB_2020-10-30_0_C"	"SSB"	2020-10-30	"0"	"C"	"CH4_TCD"	3721
"144"	"1/16/21 2:06"	"SSB_2020-10-30_0_C"	"SSB"	2020-10-30	"0"	"C"	"N2O_ECD"	0
"145"	"1/16/21 2:21"	"SSB_2020-10-30_3_A"	"SSB"	2020-10-30	"3"	"A"	"CO2_TCD"	7243
"146"	"1/16/21 2:21"	"SSB_2020-10-30_3_A"	"SSB"	2020-10-30	"3"	"A"	"CH4_TCD"	3407
"147"	"1/16/21 2:21"	"SSB_2020-10-30_3_A"	"SSB"	2020-10-30	"3"	"A"	"N2O_ECD"	0
"148"	"1/16/21 2:36"	"SSB_2020-10-30_3_B"	"SSB"	2020-10-30	"3"	"B"	"CO2_TCD"	7382
"149"	"1/16/21 2:36"	"SSB_2020-10-30_3_B"	"SSB"	2020-10-30	"3"	"B"	"CH4_TCD"	3722
"150"	"1/16/21 2:36"	"SSB_2020-10-30_3_B"	"SSB"	2020-10-30	"3"	"B"	"N2O_ECD"	-1
"151"	"1/16/21 2:51"	"SSB_2020-10-30_3_C"	"SSB"	2020-10-30	"3"	"C"	"CO2_TCD"	7312
"152"	"1/16/21 2:51"	"SSB_2020-10-30_3_C"	"SSB"	2020-10-30	"3"	"C"	"CH4_TCD"	4136
"153"	"1/16/21 2:51"	"SSB_2020-10-30_3_C"	"SSB"	2020-10-30	"3"	"C"	"N2O_ECD"	-1
"154"	"1/16/21 3:06"	"SSB_2020-10-30_5_A"	"SSB"	2020-10-30	"5"	"A"	"CO2_TCD"	7221
"155"	"1/16/21 3:06"	"SSB_2020-10-30_5_A"	"SSB"	2020-10-30	"5"	"A"	"CH4_TCD"	3886
"156"	"1/16/21 3:06"	"SSB_2020-10-30_5_A"	"SSB"	2020-10-30	"5"	"A"	"N2O_ECD"	-1
"157"	"1/16/21 3:21"	"SSB_2020-10-30_5_B"	"SSB"	2020-10-30	"5"	"B"	"CO2_TCD"	7117
"158"	"1/16/21 3:21"	"SSB_2020-10-30_5_B"	"SSB"	2020-10-30	"5"	"B"	"CH4_TCD"	3770
"159"	"1/16/21 3:21"	"SSB_2020-10-30_5_B"	"SSB"	2020-10-30	"5"	"B"	"N2O_ECD"	-1
"160"	"1/16/21 3:36"	"SSB_2020-10-30_5_C"	"SSB"	2020-10-30	"5"	"C"	"CO2_TCD"	7260
"161"	"1/16/21 3:36"	"SSB_2020-10-30_5_C"	"SSB"	2020-10-30	"5"	"C"	"CH4_TCD"	4044
"162"	"1/16/21 3:36"	"SSB_2020-10-30_5_C"	"SSB"	2020-10-30	"5"	"C"	"N2O_ECD"	-1
"163"	"1/16/21 3:51"	"SSB_2020-10-30_7_A"	"SSB"	2020-10-30	"7"	"A"	"CO2_TCD"	7045
"164"	"1/16/21 3:51"	"SSB_2020-10-30_7_A"	"SSB"	2020-10-30	"7"	"A"	"CH4_TCD"	3560
"165"	"1/16/21 3:51"	"SSB_2020-10-30_7_A"	"SSB"	2020-10-30	"7"	"A"	"N2O_ECD"	-1
"166"	"1/16/21 4:07"	"SSB_2020-10-30_7_B"	"SSB"	2020-10-30	"7"	"B"	"CO2_TCD"	7150
"167"	"1/16/21 4:07"	"SSB_2020-10-30_7_B"	"SSB"	2020-10-30	"7"	"B"	"CH4_TCD"	3812
"168"	"1/16/21 4:07"	"SSB_2020-10-30_7_B"	"SSB"	2020-10-30	"7"	"B"	"N2O_ECD"	-1
"169"	"1/16/21 4:22"	"SSB_2020-10-30_7_C"	"SSB"	2020-10-30	"7"	"C"	"CO2_TCD"	7269
"170"	"1/16/21 4:22"	"SSB_2020-10-30_7_C"	"SSB"	2020-10-30	"7"	"C"	"CH4_TCD"	3975
"171"	"1/16/21 4:22"	"SSB_2020-10-30_7_C"	"SSB"	2020-10-30	"7"	"C"	"N2O_ECD"	0
"172"	"1/16/21 4:37"	"SSB_2020-10-30_Air_1"	"SSB"	2020-10-30	"Air"	"1"	"CO2_FID"	361
"173"	"1/16/21 4:37"	"SSB_2020-10-30_Air_1"	"SSB"	2020-10-30	"Air"	"1"	"CH4_FID"	15
"174"	"1/16/21 4:37"	"SSB_2020-10-30_Air_1"	"SSB"	2020-10-30	"Air"	"1"	"N2O_ECD"	0
"175"	"1/16/21 4:52"	"SSB_2020-10-30_Air_2"	"SSB"	2020-10-30	"Air"	"2"	"CO2_FID"	348
"176"	"1/16/21 4:52"	"SSB_2020-10-30_Air_2"	"SSB"	2020-10-30	"Air"	"2"	"CH4_FID"	6
"177"	"1/16/21 4:52"	"SSB_2020-10-30_Air_2"	"SSB"	2020-10-30	"Air"	"2"	"N2O_ECD"	0
"178"	"1/16/21 5:07"	"SSB_2020-10-30_Air_3"	"SSB"	2020-10-30	"Air"	"3"	"CO2_FID"	343
"179"	"1/16/21 5:07"	"SSB_2020-10-30_Air_3"	"SSB"	2020-10-30	"Air"	"3"	"CH4_FID"	4
"180"	"1/16/21 5:07"	"SSB_2020-10-30_Air_3"	"SSB"	2020-10-30	"Air"	"3"	"N2O_ECD"	0
"181"	"1/16/21 5:22"	"SSB_2021-01-13_0_A"	"SSB"	2021-01-13	"0"	"A"	"CO2_TCD"	6051
"182"	"1/16/21 5:22"	"SSB_2021-01-13_0_A"	"SSB"	2021-01-13	"0"	"A"	"CH4_FID"	518
"183"	"1/16/21 5:22"	"SSB_2021-01-13_0_A"	"SSB"	2021-01-13	"0"	"A"	"N2O_ECD"	0
"184"	"1/16/21 5:37"	"SSB_2021-01-13_0_B"	"SSB"	2021-01-13	"0"	"B"	"CO2_TCD"	6551
"185"	"1/16/21 5:37"	"SSB_2021-01-13_0_B"	"SSB"	2021-01-13	"0"	"B"	"CH4_FID"	671
"186"	"1/16/21 5:37"	"SSB_2021-01-13_0_B"	"SSB"	2021-01-13	"0"	"B"	"N2O_ECD"	-1
"187"	"1/16/21 5:52"	"SSB_2021-01-13_0_C"	"SSB"	2021-01-13	"0"	"C"	"CO2_TCD"	6822
"188"	"1/16/21 5:52"	"SSB_2021-01-13_0_C"	"SSB"	2021-01-13	"0"	"C"	"CH4_FID"	74
"189"	"1/16/21 5:52"	"SSB_2021-01-13_0_C"	"SSB"	2021-01-13	"0"	"C"	"N2O_ECD"	-1
"190"	"1/16/21 6:07"	"SSB_2021-01-13_3_A"	"SSB"	2021-01-13	"3"	"A"	"CO2_TCD"	7173
"191"	"1/16/21 6:07"	"SSB_2021-01-13_3_A"	"SSB"	2021-01-13	"3"	"A"	"CH4_TCD"	1849
"192"	"1/16/21 6:07"	"SSB_2021-01-13_3_A"	"SSB"	2021-01-13	"3"	"A"	"N2O_ECD"	0
"193"	"1/16/21 6:22"	"SSB_2021-01-13_3_B"	"SSB"	2021-01-13	"3"	"B"	"CO2_TCD"	7320
"194"	"1/16/21 6:22"	"SSB_2021-01-13_3_B"	"SSB"	2021-01-13	"3"	"B"	"CH4_TCD"	2110
"195"	"1/16/21 6:22"	"SSB_2021-01-13_3_B"	"SSB"	2021-01-13	"3"	"B"	"N2O_ECD"	-1
"196"	"1/16/21 6:37"	"SSB_2021-01-13_3_C"	"SSB"	2021-01-13	"3"	"C"	"CO2_TCD"	6848
"197"	"1/16/21 6:37"	"SSB_2021-01-13_3_C"	"SSB"	2021-01-13	"3"	"C"	"CH4_TCD"	1922
"198"	"1/16/21 6:37"	"SSB_2021-01-13_3_C"	"SSB"	2021-01-13	"3"	"C"	"N2O_ECD"	-1
"199"	"1/16/21 6:52"	"SSB_2021-01-13_5_A"	"SSB"	2021-01-13	"5"	"A"	"CO2_TCD"	7552
"200"	"1/16/21 6:52"	"SSB_2021-01-13_5_A"	"SSB"	2021-01-13	"5"	"A"	"CH4_TCD"	3791
"201"	"1/16/21 6:52"	"SSB_2021-01-13_5_A"	"SSB"	2021-01-13	"5"	"A"	"N2O_ECD"	-1
"202"	"1/16/21 7:07"	"SSB_2021-01-13_5_B"	"SSB"	2021-01-13	"5"	"B"	"CO2_TCD"	7519
"203"	"1/16/21 7:07"	"SSB_2021-01-13_5_B"	"SSB"	2021-01-13	"5"	"B"	"CH4_TCD"	3854
"204"	"1/16/21 7:07"	"SSB_2021-01-13_5_B"	"SSB"	2021-01-13	"5"	"B"	"N2O_ECD"	0
"205"	"1/16/21 7:22"	"SSB_2021-01-13_5_C"	"SSB"	2021-01-13	"5"	"C"	"CO2_TCD"	7717
"206"	"1/16/21 7:22"	"SSB_2021-01-13_5_C"	"SSB"	2021-01-13	"5"	"C"	"CH4_TCD"	4079
"207"	"1/16/21 7:22"	"SSB_2021-01-13_5_C"	"SSB"	2021-01-13	"5"	"C"	"N2O_ECD"	0
"208"	"1/16/21 7:37"	"SSB_2021-01-13_7_A"	"SSB"	2021-01-13	"7"	"A"	"CO2_TCD"	8838
"209"	"1/16/21 7:37"	"SSB_2021-01-13_7_A"	"SSB"	2021-01-13	"7"	"A"	"CH4_TCD"	7712
"210"	"1/16/21 7:37"	"SSB_2021-01-13_7_A"	"SSB"	2021-01-13	"7"	"A"	"N2O_ECD"	0
"211"	"1/16/21 7:52"	"SSB_2021-01-13_7_B"	"SSB"	2021-01-13	"7"	"B"	"CO2_TCD"	8592
"212"	"1/16/21 7:52"	"SSB_2021-01-13_7_B"	"SSB"	2021-01-13	"7"	"B"	"CH4_TCD"	8317
"213"	"1/16/21 7:52"	"SSB_2021-01-13_7_B"	"SSB"	2021-01-13	"7"	"B"	"N2O_ECD"	-1
"214"	"1/16/21 8:07"	"SSB_2021-01-13_7_C"	"SSB"	2021-01-13	"7"	"C"	"CO2_TCD"	9003
"215"	"1/16/21 8:07"	"SSB_2021-01-13_7_C"	"SSB"	2021-01-13	"7"	"C"	"CH4_TCD"	10584
"216"	"1/16/21 8:07"	"SSB_2021-01-13_7_C"	"SSB"	2021-01-13	"7"	"C"	"N2O_ECD"	-1
"217"	"1/16/21 8:22"	"SSB_2021-01-13_Air_1"	"SSB"	2021-01-13	"Air"	"1"	"CO2_FID"	402
"218"	"1/16/21 8:22"	"SSB_2021-01-13_Air_1"	"SSB"	2021-01-13	"Air"	"1"	"CH4_FID"	34
"219"	"1/16/21 8:22"	"SSB_2021-01-13_Air_1"	"SSB"	2021-01-13	"Air"	"1"	"N2O_ECD"	0
"220"	"1/16/21 8:37"	"SSB_2021-01-13_Air_2"	"SSB"	2021-01-13	"Air"	"2"	"CO2_FID"	375
"221"	"1/16/21 8:37"	"SSB_2021-01-13_Air_2"	"SSB"	2021-01-13	"Air"	"2"	"CH4_FID"	11
"222"	"1/16/21 8:37"	"SSB_2021-01-13_Air_2"	"SSB"	2021-01-13	"Air"	"2"	"N2O_ECD"	0
"223"	"1/16/21 8:52"	"SSB_2021-01-13_Air_3"	"SSB"	2021-01-13	"Air"	"3"	"CO2_FID"	386
"224"	"1/16/21 8:52"	"SSB_2021-01-13_Air_3"	"SSB"	2021-01-13	"Air"	"3"	"CH4_FID"	6
"225"	"1/16/21 8:52"	"SSB_2021-01-13_Air_3"	"SSB"	2021-01-13	"Air"	"3"	"N2O_ECD"	0
"226"	"1/16/21 9:07"	"TB_2021-01-14_0_A"	"TB"	2021-01-14	"0"	"A"	"CO2_TCD"	5295
"227"	"1/16/21 9:07"	"TB_2021-01-14_0_A"	"TB"	2021-01-14	"0"	"A"	"CH4_FID"	336
"228"	"1/16/21 9:07"	"TB_2021-01-14_0_A"	"TB"	2021-01-14	"0"	"A"	"N2O_ECD"	0
"229"	"1/16/21 9:22"	"TB_2021-01-14_0_B"	"TB"	2021-01-14	"0"	"B"	"CO2_TCD"	5141
"230"	"1/16/21 9:22"	"TB_2021-01-14_0_B"	"TB"	2021-01-14	"0"	"B"	"CH4_FID"	873
"231"	"1/16/21 9:22"	"TB_2021-01-14_0_B"	"TB"	2021-01-14	"0"	"B"	"N2O_ECD"	0
"232"	"1/16/21 9:37"	"TB_2021-01-14_0_C"	"TB"	2021-01-14	"0"	"C"	"CO2_TCD"	4991
"233"	"1/16/21 9:37"	"TB_2021-01-14_0_C"	"TB"	2021-01-14	"0"	"C"	"CH4_TCD"	1059
"234"	"1/16/21 9:37"	"TB_2021-01-14_0_C"	"TB"	2021-01-14	"0"	"C"	"N2O_ECD"	0
"235"	"1/16/21 9:52"	"TB_2021-01-14_3_A"	"TB"	2021-01-14	"3"	"A"	"CO2_TCD"	6894
"236"	"1/16/21 9:52"	"TB_2021-01-14_3_A"	"TB"	2021-01-14	"3"	"A"	"CH4_TCD"	2005
"237"	"1/16/21 9:52"	"TB_2021-01-14_3_A"	"TB"	2021-01-14	"3"	"A"	"N2O_ECD"	0
"238"	"1/16/21 10:07"	"TB_2021-01-14_3_B"	"TB"	2021-01-14	"3"	"B"	"CO2_TCD"	6512
"239"	"1/16/21 10:07"	"TB_2021-01-14_3_B"	"TB"	2021-01-14	"3"	"B"	"CH4_TCD"	1084
"240"	"1/16/21 10:07"	"TB_2021-01-14_3_B"	"TB"	2021-01-14	"3"	"B"	"N2O_ECD"	0
"241"	"1/16/21 10:22"	"TB_2021-01-14_3_C"	"TB"	2021-01-14	"3"	"C"	"CO2_TCD"	6396
"242"	"1/16/21 10:22"	"TB_2021-01-14_3_C"	"TB"	2021-01-14	"3"	"C"	"CH4_TCD"	1082
"243"	"1/16/21 10:22"	"TB_2021-01-14_3_C"	"TB"	2021-01-14	"3"	"C"	"N2O_ECD"	0
"244"	"1/16/21 10:37"	"TB_2021-01-14_5_A"	"TB"	2021-01-14	"5"	"A"	"CO2_TCD"	7720
"245"	"1/16/21 10:37"	"TB_2021-01-14_5_A"	"TB"	2021-01-14	"5"	"A"	"CH4_TCD"	4466
"246"	"1/16/21 10:37"	"TB_2021-01-14_5_A"	"TB"	2021-01-14	"5"	"A"	"N2O_ECD"	0
"247"	"1/16/21 11:33"	"TB_2021-01-14_5_B"	"TB"	2021-01-14	"5"	"B"	"CO2_TCD"	8097
"248"	"1/16/21 11:33"	"TB_2021-01-14_5_B"	"TB"	2021-01-14	"5"	"B"	"CH4_TCD"	6676
"249"	"1/16/21 11:33"	"TB_2021-01-14_5_B"	"TB"	2021-01-14	"5"	"B"	"N2O_ECD"	0
"250"	"1/16/21 11:48"	"TB_2021-01-14_5_C"	"TB"	2021-01-14	"5"	"C"	"CO2_TCD"	7361
"251"	"1/16/21 11:48"	"TB_2021-01-14_5_C"	"TB"	2021-01-14	"5"	"C"	"CH4_TCD"	3210
"252"	"1/16/21 11:48"	"TB_2021-01-14_5_C"	"TB"	2021-01-14	"5"	"C"	"N2O_ECD"	0
"253"	"1/16/21 12:03"	"TB_2021-01-14_7_A"	"TB"	2021-01-14	"7"	"A"	"CO2_TCD"	14372
"254"	"1/16/21 12:03"	"TB_2021-01-14_7_A"	"TB"	2021-01-14	"7"	"A"	"CH4_TCD"	29298
"255"	"1/16/21 12:03"	"TB_2021-01-14_7_A"	"TB"	2021-01-14	"7"	"A"	"N2O_ECD"	0
"256"	"1/16/21 12:18"	"TB_2021-01-14_7_B"	"TB"	2021-01-14	"7"	"B"	"CO2_TCD"	12975
"257"	"1/16/21 12:18"	"TB_2021-01-14_7_B"	"TB"	2021-01-14	"7"	"B"	"CH4_TCD"	25769
"258"	"1/16/21 12:18"	"TB_2021-01-14_7_B"	"TB"	2021-01-14	"7"	"B"	"N2O_ECD"	0
"259"	"1/16/21 12:33"	"TB_2021-01-14_7_C"	"TB"	2021-01-14	"7"	"C"	"CO2_TCD"	12494
"260"	"1/16/21 12:33"	"TB_2021-01-14_7_C"	"TB"	2021-01-14	"7"	"C"	"CH4_TCD"	26151
"261"	"1/16/21 12:33"	"TB_2021-01-14_7_C"	"TB"	2021-01-14	"7"	"C"	"N2O_ECD"	0
"262"	"1/16/21 12:48"	"TB_2021-01-14_Air_1"	"TB"	2021-01-14	"Air"	"1"	"CO2_FID"	411
"263"	"1/16/21 12:48"	"TB_2021-01-14_Air_1"	"TB"	2021-01-14	"Air"	"1"	"CH4_FID"	87
"264"	"1/16/21 12:48"	"TB_2021-01-14_Air_1"	"TB"	2021-01-14	"Air"	"1"	"N2O_ECD"	0
"265"	"1/16/21 13:03"	"TB_2021-01-14_Air_2"	"TB"	2021-01-14	"Air"	"2"	"CO2_FID"	372
"266"	"1/16/21 13:03"	"TB_2021-01-14_Air_2"	"TB"	2021-01-14	"Air"	"2"	"CH4_FID"	26
"267"	"1/16/21 13:03"	"TB_2021-01-14_Air_2"	"TB"	2021-01-14	"Air"	"2"	"N2O_ECD"	0
"268"	"1/16/21 13:18"	"TB_2021-01-14_Air_3"	"TB"	2021-01-14	"Air"	"3"	"CO2_FID"	289
"269"	"1/16/21 13:18"	"TB_2021-01-14_Air_3"	"TB"	2021-01-14	"Air"	"3"	"CH4_FID"	13
"270"	"1/16/21 13:18"	"TB_2021-01-14_Air_3"	"TB"	2021-01-14	"Air"	"3"	"N2O_ECD"	0
"271"	"1/16/21 13:34"	"SSB_2020-10-07_0_A"	"SSB"	2020-10-07	"0"	"A"	"CO2_TCD"	4927
"272"	"1/16/21 13:34"	"SSB_2020-10-07_0_A"	"SSB"	2020-10-07	"0"	"A"	"CH4_FID"	711
"273"	"1/16/21 13:34"	"SSB_2020-10-07_0_A"	"SSB"	2020-10-07	"0"	"A"	"N2O_ECD"	0
"274"	"1/16/21 13:49"	"SSB_2020-10-07_0_B"	"SSB"	2020-10-07	"0"	"B"	"CO2_TCD"	5069
"275"	"1/16/21 13:49"	"SSB_2020-10-07_0_B"	"SSB"	2020-10-07	"0"	"B"	"CH4_FID"	687
"276"	"1/16/21 13:49"	"SSB_2020-10-07_0_B"	"SSB"	2020-10-07	"0"	"B"	"N2O_ECD"	0
"277"	"1/16/21 14:04"	"SSB_2020-10-07_0_C"	"SSB"	2020-10-07	"0"	"C"	"CO2_TCD"	4910
"278"	"1/16/21 14:04"	"SSB_2020-10-07_0_C"	"SSB"	2020-10-07	"0"	"C"	"CH4_FID"	599
"279"	"1/16/21 14:04"	"SSB_2020-10-07_0_C"	"SSB"	2020-10-07	"0"	"C"	"N2O_ECD"	0
"280"	"1/16/21 14:19"	"SSB_2020-10-07_3_A"	"SSB"	2020-10-07	"3"	"A"	"CO2_TCD"	14731
"281"	"1/16/21 14:19"	"SSB_2020-10-07_3_A"	"SSB"	2020-10-07	"3"	"A"	"CH4_TCD"	17726
"282"	"1/16/21 14:19"	"SSB_2020-10-07_3_A"	"SSB"	2020-10-07	"3"	"A"	"N2O_ECD"	0
"283"	"1/16/21 14:34"	"SSB_2020-10-07_3_B"	"SSB"	2020-10-07	"3"	"B"	"CO2_TCD"	14643
"284"	"1/16/21 14:34"	"SSB_2020-10-07_3_B"	"SSB"	2020-10-07	"3"	"B"	"CH4_TCD"	17447
"285"	"1/16/21 14:34"	"SSB_2020-10-07_3_B"	"SSB"	2020-10-07	"3"	"B"	"N2O_ECD"	0
"286"	"1/16/21 14:49"	"SSB_2020-10-07_3_C"	"SSB"	2020-10-07	"3"	"C"	"CO2_TCD"	14346
"287"	"1/16/21 14:49"	"SSB_2020-10-07_3_C"	"SSB"	2020-10-07	"3"	"C"	"CH4_TCD"	17268
"288"	"1/16/21 14:49"	"SSB_2020-10-07_3_C"	"SSB"	2020-10-07	"3"	"C"	"N2O_ECD"	0
"289"	"1/16/21 15:04"	"SSB_2020-10-07_5_A"	"SSB"	2020-10-07	"5"	"A"	"CO2_TCD"	14923
"290"	"1/16/21 15:04"	"SSB_2020-10-07_5_A"	"SSB"	2020-10-07	"5"	"A"	"CH4_TCD"	24569
"291"	"1/16/21 15:04"	"SSB_2020-10-07_5_A"	"SSB"	2020-10-07	"5"	"A"	"N2O_ECD"	0
"292"	"1/16/21 15:19"	"SSB_2020-10-07_5_B"	"SSB"	2020-10-07	"5"	"B"	"CO2_TCD"	14862
"293"	"1/16/21 15:19"	"SSB_2020-10-07_5_B"	"SSB"	2020-10-07	"5"	"B"	"CH4_TCD"	24875
"294"	"1/16/21 15:19"	"SSB_2020-10-07_5_B"	"SSB"	2020-10-07	"5"	"B"	"N2O_ECD"	0
"295"	"1/16/21 15:34"	"SSB_2020-10-07_5_C"	"SSB"	2020-10-07	"5"	"C"	"CO2_TCD"	9587
"296"	"1/16/21 15:34"	"SSB_2020-10-07_5_C"	"SSB"	2020-10-07	"5"	"C"	"CH4_TCD"	14981
"297"	"1/16/21 15:34"	"SSB_2020-10-07_5_C"	"SSB"	2020-10-07	"5"	"C"	"N2O_ECD"	0
"298"	"1/16/21 15:49"	"SSB_2020-10-07_7_A"	"SSB"	2020-10-07	"7"	"A"	"CO2_TCD"	19796
"299"	"1/16/21 15:49"	"SSB_2020-10-07_7_A"	"SSB"	2020-10-07	"7"	"A"	"CH4_TCD"	49001
"300"	"1/16/21 15:49"	"SSB_2020-10-07_7_A"	"SSB"	2020-10-07	"7"	"A"	"N2O_ECD"	0
"301"	"1/16/21 16:04"	"SSB_2020-10-07_7_B"	"SSB"	2020-10-07	"7"	"B"	"CO2_TCD"	19730
"302"	"1/16/21 16:04"	"SSB_2020-10-07_7_B"	"SSB"	2020-10-07	"7"	"B"	"CH4_TCD"	47037
"303"	"1/16/21 16:04"	"SSB_2020-10-07_7_B"	"SSB"	2020-10-07	"7"	"B"	"N2O_ECD"	0
"304"	"1/16/21 16:19"	"SSB_2020-10-07_7_C"	"SSB"	2020-10-07	"7"	"C"	"CO2_TCD"	19957
"305"	"1/16/21 16:19"	"SSB_2020-10-07_7_C"	"SSB"	2020-10-07	"7"	"C"	"CH4_TCD"	48013
"306"	"1/16/21 16:19"	"SSB_2020-10-07_7_C"	"SSB"	2020-10-07	"7"	"C"	"N2O_ECD"	0
"307"	"1/16/21 16:34"	"SSB_2020-10-07_Air_1"	"SSB"	2020-10-07	"Air"	"1"	"CO2_FID"	394
"308"	"1/16/21 16:34"	"SSB_2020-10-07_Air_1"	"SSB"	2020-10-07	"Air"	"1"	"CH4_FID"	157
"309"	"1/16/21 16:34"	"SSB_2020-10-07_Air_1"	"SSB"	2020-10-07	"Air"	"1"	"N2O_ECD"	0
"310"	"1/16/21 16:49"	"SSB_2020-10-07_Air_2"	"SSB"	2020-10-07	"Air"	"2"	"CO2_FID"	363
"311"	"1/16/21 16:49"	"SSB_2020-10-07_Air_2"	"SSB"	2020-10-07	"Air"	"2"	"CH4_FID"	45
"312"	"1/16/21 16:49"	"SSB_2020-10-07_Air_2"	"SSB"	2020-10-07	"Air"	"2"	"N2O_ECD"	0
"313"	"1/16/21 17:04"	"SSB_2020-10-07_Air_3"	"SSB"	2020-10-07	"Air"	"3"	"CO2_FID"	346
"314"	"1/16/21 17:04"	"SSB_2020-10-07_Air_3"	"SSB"	2020-10-07	"Air"	"3"	"CH4_FID"	21
"315"	"1/16/21 17:04"	"SSB_2020-10-07_Air_3"	"SSB"	2020-10-07	"Air"	"3"	"N2O_ECD"	0
"316"	"1/16/21 17:19"	"TB_2020-10-05_0_A"	"TB"	2020-10-05	"0"	"A"	"CO2_TCD"	4563
"317"	"1/16/21 17:19"	"TB_2020-10-05_0_A"	"TB"	2020-10-05	"0"	"A"	"CH4_TCD"	1141
"318"	"1/16/21 17:19"	"TB_2020-10-05_0_A"	"TB"	2020-10-05	"0"	"A"	"N2O_ECD"	0
"319"	"1/16/21 17:34"	"TB_2020-10-05_0_B"	"TB"	2020-10-05	"0"	"B"	"CO2_TCD"	4529
"320"	"1/16/21 17:34"	"TB_2020-10-05_0_B"	"TB"	2020-10-05	"0"	"B"	"CH4_TCD"	1114
"321"	"1/16/21 17:34"	"TB_2020-10-05_0_B"	"TB"	2020-10-05	"0"	"B"	"N2O_ECD"	0
"322"	"1/16/21 17:49"	"TB_2020-10-05_0_C"	"TB"	2020-10-05	"0"	"C"	"CO2_TCD"	4437
"323"	"1/16/21 17:49"	"TB_2020-10-05_0_C"	"TB"	2020-10-05	"0"	"C"	"CH4_TCD"	1028
"324"	"1/16/21 17:49"	"TB_2020-10-05_0_C"	"TB"	2020-10-05	"0"	"C"	"N2O_ECD"	0
"325"	"1/16/21 18:04"	"TB_2020-10-05_3_A"	"TB"	2020-10-05	"3"	"A"	"CO2_TCD"	11331
"326"	"1/16/21 18:04"	"TB_2020-10-05_3_A"	"TB"	2020-10-05	"3"	"A"	"CH4_TCD"	6205
"327"	"1/16/21 18:04"	"TB_2020-10-05_3_A"	"TB"	2020-10-05	"3"	"A"	"N2O_ECD"	0
"328"	"1/16/21 18:19"	"TB_2020-10-05_3_B"	"TB"	2020-10-05	"3"	"B"	"CO2_TCD"	11488
"329"	"1/16/21 18:19"	"TB_2020-10-05_3_B"	"TB"	2020-10-05	"3"	"B"	"CH4_TCD"	7066
"330"	"1/16/21 18:19"	"TB_2020-10-05_3_B"	"TB"	2020-10-05	"3"	"B"	"N2O_ECD"	0
"331"	"1/16/21 18:34"	"TB_2020-10-05_3_C"	"TB"	2020-10-05	"3"	"C"	"CO2_TCD"	10967
"332"	"1/16/21 18:34"	"TB_2020-10-05_3_C"	"TB"	2020-10-05	"3"	"C"	"CH4_TCD"	5972
"333"	"1/16/21 18:34"	"TB_2020-10-05_3_C"	"TB"	2020-10-05	"3"	"C"	"N2O_ECD"	0
"334"	"1/16/21 18:49"	"TB_2020-10-05_5_A"	"TB"	2020-10-05	"5"	"A"	"CO2_TCD"	10704
"335"	"1/16/21 18:49"	"TB_2020-10-05_5_A"	"TB"	2020-10-05	"5"	"A"	"CH4_TCD"	7772
"336"	"1/16/21 18:49"	"TB_2020-10-05_5_A"	"TB"	2020-10-05	"5"	"A"	"N2O_ECD"	-1
"337"	"1/16/21 19:04"	"TB_2020-10-05_5_B"	"TB"	2020-10-05	"5"	"B"	"CO2_TCD"	10752
"338"	"1/16/21 19:04"	"TB_2020-10-05_5_B"	"TB"	2020-10-05	"5"	"B"	"CH4_TCD"	7590
"339"	"1/16/21 19:04"	"TB_2020-10-05_5_B"	"TB"	2020-10-05	"5"	"B"	"N2O_ECD"	-1
"340"	"1/16/21 19:19"	"TB_2020-10-05_5_C"	"TB"	2020-10-05	"5"	"C"	"CO2_TCD"	10818
"341"	"1/16/21 19:19"	"TB_2020-10-05_5_C"	"TB"	2020-10-05	"5"	"C"	"CH4_TCD"	7241
"342"	"1/16/21 19:19"	"TB_2020-10-05_5_C"	"TB"	2020-10-05	"5"	"C"	"N2O_ECD"	0
"343"	"1/16/21 19:34"	"TB_2020-10-05_7_A"	"TB"	2020-10-05	"7"	"A"	"CO2_TCD"	14943
"344"	"1/16/21 19:34"	"TB_2020-10-05_7_A"	"TB"	2020-10-05	"7"	"A"	"CH4_TCD"	26075
"345"	"1/16/21 19:34"	"TB_2020-10-05_7_A"	"TB"	2020-10-05	"7"	"A"	"N2O_ECD"	0
"346"	"1/16/21 19:49"	"TB_2020-10-05_7_B"	"TB"	2020-10-05	"7"	"B"	"CO2_TCD"	15138
"347"	"1/16/21 19:49"	"TB_2020-10-05_7_B"	"TB"	2020-10-05	"7"	"B"	"CH4_TCD"	25143
"348"	"1/16/21 19:49"	"TB_2020-10-05_7_B"	"TB"	2020-10-05	"7"	"B"	"N2O_ECD"	0
"349"	"1/16/21 20:04"	"TB_2020-10-05_7_C"	"TB"	2020-10-05	"7"	"C"	"CO2_TCD"	14940
"350"	"1/16/21 20:04"	"TB_2020-10-05_7_C"	"TB"	2020-10-05	"7"	"C"	"CH4_TCD"	25614
"351"	"1/16/21 20:04"	"TB_2020-10-05_7_C"	"TB"	2020-10-05	"7"	"C"	"N2O_ECD"	0
"352"	"1/16/21 20:19"	"TB_2020-10-05_Air_1"	"TB"	2020-10-05	"Air"	"1"	"CO2_FID"	393
"353"	"1/16/21 20:19"	"TB_2020-10-05_Air_1"	"TB"	2020-10-05	"Air"	"1"	"CH4_FID"	84
"354"	"1/16/21 20:19"	"TB_2020-10-05_Air_1"	"TB"	2020-10-05	"Air"	"1"	"N2O_ECD"	0
"355"	"1/16/21 20:35"	"TB_2020-10-05_Air_2"	"TB"	2020-10-05	"Air"	"2"	"CO2_FID"	356
"356"	"1/16/21 20:35"	"TB_2020-10-05_Air_2"	"TB"	2020-10-05	"Air"	"2"	"CH4_FID"	24
"357"	"1/16/21 20:35"	"TB_2020-10-05_Air_2"	"TB"	2020-10-05	"Air"	"2"	"N2O_ECD"	0
"358"	"1/16/21 20:50"	"TB_2020-10-05_Air_3"	"TB"	2020-10-05	"Air"	"3"	"CO2_FID"	353
"359"	"1/16/21 20:50"	"TB_2020-10-05_Air_3"	"TB"	2020-10-05	"Air"	"3"	"CH4_FID"	13
"360"	"1/16/21 20:50"	"TB_2020-10-05_Air_3"	"TB"	2020-10-05	"Air"	"3"	"N2O_ECD"	0
"361"	"1/17/21 0:05"	"SSB_2020-07-28_7_B"	"SSB"	2020-07-28	"7"	"B"	"CO2_TCD"	20148
"362"	"1/17/21 0:05"	"SSB_2020-07-28_7_B"	"SSB"	2020-07-28	"7"	"B"	"CH4_TCD"	46842
"363"	"1/17/21 0:05"	"SSB_2020-07-28_7_B"	"SSB"	2020-07-28	"7"	"B"	"N2O_ECD"	0
"364"	"1/17/21 1:20"	"SSB_2020-07-28_5_B"	"SSB"	2020-07-28	"5"	"B"	"CO2_TCD"	13362
"365"	"1/17/21 1:20"	"SSB_2020-07-28_5_B"	"SSB"	2020-07-28	"5"	"B"	"CH4_TCD"	14342
"366"	"1/17/21 1:20"	"SSB_2020-07-28_5_B"	"SSB"	2020-07-28	"5"	"B"	"N2O_ECD"	0
"367"	"1/17/21 2:05"	"SSB_2020-07-28_0_A"	"SSB"	2020-07-28	"0"	"A"	"CO2_TCD"	2660
"368"	"1/17/21 2:05"	"SSB_2020-07-28_0_A"	"SSB"	2020-07-28	"0"	"A"	"CH4_FID"	44
"369"	"1/17/21 2:05"	"SSB_2020-07-28_0_A"	"SSB"	2020-07-28	"0"	"A"	"N2O_ECD"	0
"370"	"1/17/21 2:20"	"SSB_2020-07-28_3_B"	"SSB"	2020-07-28	"3"	"B"	"CO2_TCD"	13217
"371"	"1/17/21 2:20"	"SSB_2020-07-28_3_B"	"SSB"	2020-07-28	"3"	"B"	"CH4_TCD"	12516
"372"	"1/17/21 2:20"	"SSB_2020-07-28_3_B"	"SSB"	2020-07-28	"3"	"B"	"N2O_ECD"	0
"373"	"1/17/21 2:35"	"SSB_2020-07-23_Air_2"	"SSB"	2020-07-23	"Air"	"2"	"CO2_FID"	375
"374"	"1/17/21 2:35"	"SSB_2020-07-23_Air_2"	"SSB"	2020-07-23	"Air"	"2"	"CH4_FID"	37
"375"	"1/17/21 2:35"	"SSB_2020-07-23_Air_2"	"SSB"	2020-07-23	"Air"	"2"	"N2O_ECD"	0
"376"	"1/17/21 2:51"	"SSB_2020-07-28_7_C"	"SSB"	2020-07-28	"7"	"C"	"CO2_TCD"	20006
"377"	"1/17/21 2:51"	"SSB_2020-07-28_7_C"	"SSB"	2020-07-28	"7"	"C"	"CH4_TCD"	43866
"378"	"1/17/21 2:51"	"SSB_2020-07-28_7_C"	"SSB"	2020-07-28	"7"	"C"	"N2O_ECD"	0
"379"	"1/17/21 3:51"	"TB_2020-08-04_Air_1"	"TB"	2020-08-04	"Air"	"1"	"CO2_FID"	340
"380"	"1/17/21 3:51"	"TB_2020-08-04_Air_1"	"TB"	2020-08-04	"Air"	"1"	"CH4_FID"	7
"381"	"1/17/21 3:51"	"TB_2020-08-04_Air_1"	"TB"	2020-08-04	"Air"	"1"	"N2O_ECD"	0
"382"	"1/17/21 4:21"	"SSB_2020-07-28_0_B"	"SSB"	2020-07-28	"0"	"B"	"CO2_TCD"	2749
"383"	"1/17/21 4:21"	"SSB_2020-07-28_0_B"	"SSB"	2020-07-28	"0"	"B"	"CH4_FID"	43
"384"	"1/17/21 4:21"	"SSB_2020-07-28_0_B"	"SSB"	2020-07-28	"0"	"B"	"N2O_ECD"	0
"385"	"1/17/21 4:36"	"TB_2020-08-04_0_A"	"TB"	2020-08-04	"0"	"A"	"CO2_TCD"	3919
"386"	"1/17/21 4:36"	"TB_2020-08-04_0_A"	"TB"	2020-08-04	"0"	"A"	"CH4_FID"	211
"387"	"1/17/21 4:36"	"TB_2020-08-04_0_A"	"TB"	2020-08-04	"0"	"A"	"N2O_ECD"	0
"388"	"1/17/21 4:51"	"TB_2020-08-04_Air_2"	"TB"	2020-08-04	"Air"	"2"	"CO2_FID"	347
"389"	"1/17/21 4:51"	"TB_2020-08-04_Air_2"	"TB"	2020-08-04	"Air"	"2"	"CH4_FID"	3
"390"	"1/17/21 4:51"	"TB_2020-08-04_Air_2"	"TB"	2020-08-04	"Air"	"2"	"N2O_ECD"	0
"391"	"1/17/21 5:06"	"SSB_2020-07-23_Air_3"	"SSB"	2020-07-23	"Air"	"3"	"CO2_FID"	616
"392"	"1/17/21 5:06"	"SSB_2020-07-23_Air_3"	"SSB"	2020-07-23	"Air"	"3"	"CH4_FID"	598
"393"	"1/17/21 5:06"	"SSB_2020-07-23_Air_3"	"SSB"	2020-07-23	"Air"	"3"	"N2O_ECD"	0
"394"	"1/17/21 5:21"	"SSB_2020-07-28_Air_3"	"SSB"	2020-07-28	"Air"	"3"	"CO2_FID"	341
"395"	"1/17/21 5:21"	"SSB_2020-07-28_Air_3"	"SSB"	2020-07-28	"Air"	"3"	"CH4_FID"	5
"396"	"1/17/21 5:21"	"SSB_2020-07-28_Air_3"	"SSB"	2020-07-28	"Air"	"3"	"N2O_ECD"	0
"397"	"1/17/21 6:21"	"TB_2020-08-04_Air_3"	"TB"	2020-08-04	"Air"	"3"	"CO2_FID"	405
"398"	"1/17/21 6:21"	"TB_2020-08-04_Air_3"	"TB"	2020-08-04	"Air"	"3"	"CH4_FID"	6
"399"	"1/17/21 6:21"	"TB_2020-08-04_Air_3"	"TB"	2020-08-04	"Air"	"3"	"N2O_ECD"	0
"400"	"1/17/21 6:36"	"SSB_2020-07-28_5_C"	"SSB"	2020-07-28	"5"	"C"	"CO2_TCD"	13536
"401"	"1/17/21 6:36"	"SSB_2020-07-28_5_C"	"SSB"	2020-07-28	"5"	"C"	"CH4_TCD"	14805
"402"	"1/17/21 6:36"	"SSB_2020-07-28_5_C"	"SSB"	2020-07-28	"5"	"C"	"N2O_ECD"	0
"403"	"1/17/21 7:21"	"SSB_2020-07-28_3_A"	"SSB"	2020-07-28	"3"	"A"	"CO2_TCD"	13234
"404"	"1/17/21 7:21"	"SSB_2020-07-28_3_A"	"SSB"	2020-07-28	"3"	"A"	"CH4_TCD"	12333
"405"	"1/17/21 7:21"	"SSB_2020-07-28_3_A"	"SSB"	2020-07-28	"3"	"A"	"N2O_ECD"	0
"406"	"1/17/21 7:36"	"SSB_2020-07-23_5_B"	"SSB"	2020-07-23	"5"	"B"	"CO2_TCD"	13024
"407"	"1/17/21 7:36"	"SSB_2020-07-23_5_B"	"SSB"	2020-07-23	"5"	"B"	"CH4_TCD"	14323
"408"	"1/17/21 7:36"	"SSB_2020-07-23_5_B"	"SSB"	2020-07-23	"5"	"B"	"N2O_ECD"	0
"409"	"1/17/21 7:52"	"SSB_2020-07-28_Air_2"	"SSB"	2020-07-28	"Air"	"2"	"CO2_FID"	380
"410"	"1/17/21 7:52"	"SSB_2020-07-28_Air_2"	"SSB"	2020-07-28	"Air"	"2"	"CH4_FID"	60
"411"	"1/17/21 7:52"	"SSB_2020-07-28_Air_2"	"SSB"	2020-07-28	"Air"	"2"	"N2O_ECD"	0
"412"	"1/17/21 8:52"	"SSB_2020-07-28_7_A"	"SSB"	2020-07-28	"7"	"A"	"CO2_TCD"	19572
"413"	"1/17/21 8:52"	"SSB_2020-07-28_7_A"	"SSB"	2020-07-28	"7"	"A"	"CH4_TCD"	42847
"414"	"1/17/21 8:52"	"SSB_2020-07-28_7_A"	"SSB"	2020-07-28	"7"	"A"	"N2O_ECD"	0
"415"	"1/17/21 9:07"	"SSB_2020-07-28_5_A"	"SSB"	2020-07-28	"5"	"A"	"CO2_TCD"	13677
"416"	"1/17/21 9:07"	"SSB_2020-07-28_5_A"	"SSB"	2020-07-28	"5"	"A"	"CH4_TCD"	15133
"417"	"1/17/21 9:07"	"SSB_2020-07-28_5_A"	"SSB"	2020-07-28	"5"	"A"	"N2O_ECD"	0
"418"	"1/17/21 9:22"	"TB_2020-08-04_0_B"	"TB"	2020-08-04	"0"	"B"	"CO2_TCD"	3905
"419"	"1/17/21 9:22"	"TB_2020-08-04_0_B"	"TB"	2020-08-04	"0"	"B"	"CH4_FID"	290
"420"	"1/17/21 9:22"	"TB_2020-08-04_0_B"	"TB"	2020-08-04	"0"	"B"	"N2O_ECD"	0
"421"	"1/17/21 9:37"	"SSB_2020-07-28_0_C"	"SSB"	2020-07-28	"0"	"C"	"CO2_TCD"	2760
"422"	"1/17/21 9:37"	"SSB_2020-07-28_0_C"	"SSB"	2020-07-28	"0"	"C"	"CH4_FID"	61
"423"	"1/17/21 9:37"	"SSB_2020-07-28_0_C"	"SSB"	2020-07-28	"0"	"C"	"N2O_ECD"	0
"424"	"1/17/21 9:52"	"SSB_2020-07-28_Air_1"	"SSB"	2020-07-28	"Air"	"1"	"CO2_FID"	853
"425"	"1/17/21 9:52"	"SSB_2020-07-28_Air_1"	"SSB"	2020-07-28	"Air"	"1"	"CH4_TCD"	1033
"426"	"1/17/21 9:52"	"SSB_2020-07-28_Air_1"	"SSB"	2020-07-28	"Air"	"1"	"N2O_ECD"	0
"427"	"1/17/21 10:07"	"SSB_2020-07-28_3_C"	"SSB"	2020-07-28	"3"	"C"	"CO2_TCD"	13165
"428"	"1/17/21 10:07"	"SSB_2020-07-28_3_C"	"SSB"	2020-07-28	"3"	"C"	"CH4_TCD"	11803
"429"	"1/17/21 10:07"	"SSB_2020-07-28_3_C"	"SSB"	2020-07-28	"3"	"C"	"N2O_ECD"	-1
"430"	"1/17/21 10:22"	"TB_2020-08-04_0_C"	"TB"	2020-08-04	"0"	"C"	"CO2_TCD"	3833
"431"	"1/17/21 10:22"	"TB_2020-08-04_0_C"	"TB"	2020-08-04	"0"	"C"	"CH4_FID"	212
"432"	"1/17/21 10:22"	"TB_2020-08-04_0_C"	"TB"	2020-08-04	"0"	"C"	"N2O_ECD"	0
"433"	"1/17/21 10:37"	"TB_2020-07-07_0_C"	"TB"	2020-07-07	"0"	"C"	"CO2_TCD"	1734
"434"	"1/17/21 10:37"	"TB_2020-07-07_0_C"	"TB"	2020-07-07	"0"	"C"	"CH4_FID"	59
"435"	"1/17/21 10:37"	"TB_2020-07-07_0_C"	"TB"	2020-07-07	"0"	"C"	"N2O_ECD"	0
"436"	"1/17/21 10:52"	"SSB_2020-07-11_3_C"	"SSB"	2020-07-11	"3"	"C"	"CO2_TCD"	12989
"437"	"1/17/21 10:52"	"SSB_2020-07-11_3_C"	"SSB"	2020-07-11	"3"	"C"	"CH4_TCD"	10826
"438"	"1/17/21 10:52"	"SSB_2020-07-11_3_C"	"SSB"	2020-07-11	"3"	"C"	"N2O_ECD"	0
"439"	"1/17/21 11:37"	"SSB_2020-06-18_Air_3"	"SSB"	2020-06-18	"Air"	"3"	"CO2_FID"	348
"440"	"1/17/21 11:37"	"SSB_2020-06-18_Air_3"	"SSB"	2020-06-18	"Air"	"3"	"CH4_FID"	7
"441"	"1/17/21 11:37"	"SSB_2020-06-18_Air_3"	"SSB"	2020-06-18	"Air"	"3"	"N2O_ECD"	0
"442"	"1/17/21 11:53"	"TB_2020-06-24_3_B"	"TB"	2020-06-24	"3"	"B"	"CO2_TCD"	9650
"443"	"1/17/21 11:53"	"TB_2020-06-24_3_B"	"TB"	2020-06-24	"3"	"B"	"CH4_TCD"	4589
"444"	"1/17/21 11:53"	"TB_2020-06-24_3_B"	"TB"	2020-06-24	"3"	"B"	"N2O_ECD"	0
"445"	"1/17/21 12:50"	"TB_2020-06-24_5_B"	"TB"	2020-06-24	"5"	"B"	"CO2_TCD"	10077
"446"	"1/17/21 12:50"	"TB_2020-06-24_5_B"	"TB"	2020-06-24	"5"	"B"	"CH4_TCD"	6004
"447"	"1/17/21 12:50"	"TB_2020-06-24_5_B"	"TB"	2020-06-24	"5"	"B"	"N2O_ECD"	0
"448"	"1/17/21 13:05"	"SSB_2020-06-25_5_A"	"SSB"	2020-06-25	"5"	"A"	"CO2_TCD"	11893
"449"	"1/17/21 13:05"	"SSB_2020-06-25_5_A"	"SSB"	2020-06-25	"5"	"A"	"CH4_TCD"	10777
"450"	"1/17/21 13:05"	"SSB_2020-06-25_5_A"	"SSB"	2020-06-25	"5"	"A"	"N2O_ECD"	0
"451"	"1/17/21 13:50"	"TB_2020-06-30_Air_3"	"TB"	2020-06-30	"Air"	"3"	"CO2_FID"	366
"452"	"1/17/21 13:50"	"TB_2020-06-30_Air_3"	"TB"	2020-06-30	"Air"	"3"	"CH4_FID"	8
"453"	"1/17/21 13:50"	"TB_2020-06-30_Air_3"	"TB"	2020-06-30	"Air"	"3"	"N2O_ECD"	0
"454"	"1/17/21 14:05"	"TB_2020-06-30_Air_2"	"TB"	2020-06-30	"Air"	"2"	"CO2_FID"	548
"455"	"1/17/21 14:05"	"TB_2020-06-30_Air_2"	"TB"	2020-06-30	"Air"	"2"	"CH4_FID"	210
"456"	"1/17/21 14:05"	"TB_2020-06-30_Air_2"	"TB"	2020-06-30	"Air"	"2"	"N2O_ECD"	0
"457"	"1/17/21 14:20"	"TB_2020-06-05_0_A"	"TB"	2020-06-05	"0"	"A"	"CO2_TCD"	1515
"458"	"1/17/21 14:20"	"TB_2020-06-05_0_A"	"TB"	2020-06-05	"0"	"A"	"CH4_FID"	20
"459"	"1/17/21 14:20"	"TB_2020-06-05_0_A"	"TB"	2020-06-05	"0"	"A"	"N2O_ECD"	0
"460"	"1/17/21 14:35"	"TB_2020-06-05_0_B"	"TB"	2020-06-05	"0"	"B"	"CO2_TCD"	1511
"461"	"1/17/21 14:35"	"TB_2020-06-05_0_B"	"TB"	2020-06-05	"0"	"B"	"CH4_FID"	23
"462"	"1/17/21 14:35"	"TB_2020-06-05_0_B"	"TB"	2020-06-05	"0"	"B"	"N2O_ECD"	0
"463"	"1/17/21 14:50"	"SSB_2020-06-18_Air_2"	"SSB"	2020-06-18	"Air"	"2"	"CO2_FID"	356
"464"	"1/17/21 14:50"	"SSB_2020-06-18_Air_2"	"SSB"	2020-06-18	"Air"	"2"	"CH4_FID"	3
"465"	"1/17/21 14:50"	"SSB_2020-06-18_Air_2"	"SSB"	2020-06-18	"Air"	"2"	"N2O_ECD"	0
"466"	"1/17/21 15:05"	"TB_2020-06-24_3_A"	"TB"	2020-06-24	"3"	"A"	"CO2_TCD"	9747
"467"	"1/17/21 15:05"	"TB_2020-06-24_3_A"	"TB"	2020-06-24	"3"	"A"	"CH4_TCD"	4685
"468"	"1/17/21 15:05"	"TB_2020-06-24_3_A"	"TB"	2020-06-24	"3"	"A"	"N2O_ECD"	0
"469"	"1/17/21 15:20"	"TB_2020-06-24_5_C"	"TB"	2020-06-24	"5"	"C"	"CO2_TCD"	9933
"470"	"1/17/21 15:20"	"TB_2020-06-24_5_C"	"TB"	2020-06-24	"5"	"C"	"CH4_TCD"	6026
"471"	"1/17/21 15:20"	"TB_2020-06-24_5_C"	"TB"	2020-06-24	"5"	"C"	"N2O_ECD"	0
"472"	"1/17/21 15:35"	"SSB_2020-06-25_0_C"	"SSB"	2020-06-25	"0"	"C"	"CO2_TCD"	2092
"473"	"1/17/21 15:35"	"SSB_2020-06-25_0_C"	"SSB"	2020-06-25	"0"	"C"	"CH4_FID"	61
"474"	"1/17/21 15:35"	"SSB_2020-06-25_0_C"	"SSB"	2020-06-25	"0"	"C"	"N2O_ECD"	0
"475"	"1/17/21 16:20"	"TB_2020-06-30_Air_1"	"TB"	2020-06-30	"Air"	"1"	"CO2_FID"	381
"476"	"1/17/21 16:20"	"TB_2020-06-30_Air_1"	"TB"	2020-06-30	"Air"	"1"	"CH4_FID"	4
"477"	"1/17/21 16:20"	"TB_2020-06-30_Air_1"	"TB"	2020-06-30	"Air"	"1"	"N2O_ECD"	0
"478"	"1/17/21 16:35"	"SSB_2020-07-02_Air_3"	"SSB"	2020-07-02	"Air"	"3"	"CO2_FID"	597
"479"	"1/17/21 16:35"	"SSB_2020-07-02_Air_3"	"SSB"	2020-07-02	"Air"	"3"	"CH4_FID"	463
"480"	"1/17/21 16:35"	"SSB_2020-07-02_Air_3"	"SSB"	2020-07-02	"Air"	"3"	"N2O_ECD"	0
"481"	"1/17/21 17:35"	"TB_2020-06-24_3_C"	"TB"	2020-06-24	"3"	"C"	"CO2_TCD"	9867
"482"	"1/17/21 17:35"	"TB_2020-06-24_3_C"	"TB"	2020-06-24	"3"	"C"	"CH4_TCD"	4833
"483"	"1/17/21 17:35"	"TB_2020-06-24_3_C"	"TB"	2020-06-24	"3"	"C"	"N2O_ECD"	0
"484"	"1/17/21 17:50"	"TB_2020-06-24_5_A"	"TB"	2020-06-24	"5"	"A"	"CO2_TCD"	10017
"485"	"1/17/21 17:50"	"TB_2020-06-24_5_A"	"TB"	2020-06-24	"5"	"A"	"CH4_TCD"	6085
"486"	"1/17/21 17:50"	"TB_2020-06-24_5_A"	"TB"	2020-06-24	"5"	"A"	"N2O_ECD"	0
"487"	"1/17/21 18:05"	"SSB_2020-06-25_3_C"	"SSB"	2020-06-25	"3"	"C"	"CO2_TCD"	11563
"488"	"1/17/21 18:05"	"SSB_2020-06-25_3_C"	"SSB"	2020-06-25	"3"	"C"	"CH4_TCD"	8306
"489"	"1/17/21 18:05"	"SSB_2020-06-25_3_C"	"SSB"	2020-06-25	"3"	"C"	"N2O_ECD"	0
"490"	"1/17/21 18:50"	"TB_2020-06-30_7_B"	"TB"	2020-06-30	"7"	"B"	"CO2_TCD"	15181
"491"	"1/17/21 18:50"	"TB_2020-06-30_7_B"	"TB"	2020-06-30	"7"	"B"	"CH4_TCD"	19337
"492"	"1/17/21 18:50"	"TB_2020-06-30_7_B"	"TB"	2020-06-30	"7"	"B"	"N2O_ECD"	0
"493"	"1/17/21 19:05"	"SSB_2020-07-02_Air_2"	"SSB"	2020-07-02	"Air"	"2"	"CO2_FID"	393
"494"	"1/17/21 19:05"	"SSB_2020-07-02_Air_2"	"SSB"	2020-07-02	"Air"	"2"	"CH4_FID"	56
"495"	"1/17/21 19:05"	"SSB_2020-07-02_Air_2"	"SSB"	2020-07-02	"Air"	"2"	"N2O_ECD"	0
"496"	"1/17/21 20:05"	"TB_2020-06-24_0_B"	"TB"	2020-06-24	"0"	"B"	"CO2_TCD"	2468
"497"	"1/17/21 20:05"	"TB_2020-06-24_0_B"	"TB"	2020-06-24	"0"	"B"	"CH4_FID"	49
"498"	"1/17/21 20:05"	"TB_2020-06-24_0_B"	"TB"	2020-06-24	"0"	"B"	"N2O_ECD"	0
"499"	"1/17/21 20:20"	"TB_2020-06-24_Air_2"	"TB"	2020-06-24	"Air"	"2"	"CO2_FID"	360
"500"	"1/17/21 20:20"	"TB_2020-06-24_Air_2"	"TB"	2020-06-24	"Air"	"2"	"CH4_FID"	4
"501"	"1/17/21 20:20"	"TB_2020-06-24_Air_2"	"TB"	2020-06-24	"Air"	"2"	"N2O_ECD"	0
"502"	"1/17/21 20:35"	"SSB_2020-06-25_3_A"	"SSB"	2020-06-25	"3"	"A"	"CO2_TCD"	11179
"503"	"1/17/21 20:35"	"SSB_2020-06-25_3_A"	"SSB"	2020-06-25	"3"	"A"	"CH4_TCD"	7417
"504"	"1/17/21 20:35"	"SSB_2020-06-25_3_A"	"SSB"	2020-06-25	"3"	"A"	"N2O_ECD"	-1
"505"	"1/17/21 21:20"	"TB_2020-06-30_7_A"	"TB"	2020-06-30	"7"	"A"	"CO2_TCD"	15583
"506"	"1/17/21 21:20"	"TB_2020-06-30_7_A"	"TB"	2020-06-30	"7"	"A"	"CH4_TCD"	22145
"507"	"1/17/21 21:20"	"TB_2020-06-30_7_A"	"TB"	2020-06-30	"7"	"A"	"N2O_ECD"	0
"508"	"1/17/21 21:35"	"SSB_2020-07-02_5_B"	"SSB"	2020-07-02	"5"	"B"	"CO2_TCD"	12892
"509"	"1/17/21 21:35"	"SSB_2020-07-02_5_B"	"SSB"	2020-07-02	"5"	"B"	"CH4_TCD"	12435
"510"	"1/17/21 21:35"	"SSB_2020-07-02_5_B"	"SSB"	2020-07-02	"5"	"B"	"N2O_ECD"	0
"511"	"1/17/21 22:35"	"TB_2020-06-24_0_C"	"TB"	2020-06-24	"0"	"C"	"CO2_TCD"	2467
"512"	"1/17/21 22:35"	"TB_2020-06-24_0_C"	"TB"	2020-06-24	"0"	"C"	"CH4_FID"	51
"513"	"1/17/21 22:35"	"TB_2020-06-24_0_C"	"TB"	2020-06-24	"0"	"C"	"N2O_ECD"	0
"514"	"1/17/21 22:50"	"TB_2020-06-24_Air_1"	"TB"	2020-06-24	"Air"	"1"	"CO2_FID"	365
"515"	"1/17/21 22:50"	"TB_2020-06-24_Air_1"	"TB"	2020-06-24	"Air"	"1"	"CH4_FID"	6
"516"	"1/17/21 22:50"	"TB_2020-06-24_Air_1"	"TB"	2020-06-24	"Air"	"1"	"N2O_ECD"	0
"517"	"1/17/21 23:05"	"SSB_2020-06-25_7_C"	"SSB"	2020-06-25	"7"	"C"	"CO2_TCD"	18073
"518"	"1/17/21 23:05"	"SSB_2020-06-25_7_C"	"SSB"	2020-06-25	"7"	"C"	"CH4_TCD"	39962
"519"	"1/17/21 23:05"	"SSB_2020-06-25_7_C"	"SSB"	2020-06-25	"7"	"C"	"N2O_ECD"	0
"520"	"1/17/21 23:50"	"TB_2020-06-30_7_C"	"TB"	2020-06-30	"7"	"C"	"CO2_TCD"	15234
"521"	"1/17/21 23:50"	"TB_2020-06-30_7_C"	"TB"	2020-06-30	"7"	"C"	"CH4_TCD"	19360
"522"	"1/17/21 23:50"	"TB_2020-06-30_7_C"	"TB"	2020-06-30	"7"	"C"	"N2O_ECD"	0
"523"	"1/18/21 0:05"	"SSB_2020-07-02_7_B"	"SSB"	2020-07-02	"7"	"B"	"CO2_TCD"	18578
"524"	"1/18/21 0:05"	"SSB_2020-07-02_7_B"	"SSB"	2020-07-02	"7"	"B"	"CH4_TCD"	36314
"525"	"1/18/21 0:05"	"SSB_2020-07-02_7_B"	"SSB"	2020-07-02	"7"	"B"	"N2O_ECD"	0
"526"	"1/18/21 0:20"	"SSB_2020-07-02_0_B"	"SSB"	2020-07-02	"0"	"B"	"CO2_TCD"	1794
"527"	"1/18/21 0:20"	"SSB_2020-07-02_0_B"	"SSB"	2020-07-02	"0"	"B"	"CH4_FID"	179
"528"	"1/18/21 0:20"	"SSB_2020-07-02_0_B"	"SSB"	2020-07-02	"0"	"B"	"N2O_ECD"	0
"529"	"1/18/21 1:05"	"TB_2020-06-24_0_A"	"TB"	2020-06-24	"0"	"A"	"CO2_TCD"	2512
"530"	"1/18/21 1:05"	"TB_2020-06-24_0_A"	"TB"	2020-06-24	"0"	"A"	"CH4_FID"	55
"531"	"1/18/21 1:05"	"TB_2020-06-24_0_A"	"TB"	2020-06-24	"0"	"A"	"N2O_ECD"	0
"532"	"1/18/21 1:20"	"TB_2020-06-24_Air_3"	"TB"	2020-06-24	"Air"	"3"	"CO2_FID"	530
"533"	"1/18/21 1:20"	"TB_2020-06-24_Air_3"	"TB"	2020-06-24	"Air"	"3"	"CH4_FID"	216
"534"	"1/18/21 1:20"	"TB_2020-06-24_Air_3"	"TB"	2020-06-24	"Air"	"3"	"N2O_ECD"	0
"535"	"1/18/21 1:35"	"SSB_2020-06-25_7_A"	"SSB"	2020-06-25	"7"	"A"	"CO2_TCD"	18094
"536"	"1/18/21 1:35"	"SSB_2020-06-25_7_A"	"SSB"	2020-06-25	"7"	"A"	"CH4_TCD"	40110
"537"	"1/18/21 1:35"	"SSB_2020-06-25_7_A"	"SSB"	2020-06-25	"7"	"A"	"N2O_ECD"	-1
"538"	"1/18/21 2:20"	"TB_2020-06-30_5_C"	"TB"	2020-06-30	"5"	"C"	"CO2_TCD"	10794
"539"	"1/18/21 2:20"	"TB_2020-06-30_5_C"	"TB"	2020-06-30	"5"	"C"	"CH4_TCD"	6275
"540"	"1/18/21 2:20"	"TB_2020-06-30_5_C"	"TB"	2020-06-30	"5"	"C"	"N2O_ECD"	0
"541"	"1/18/21 2:35"	"SSB_2020-07-02_3_A"	"SSB"	2020-07-02	"3"	"A"	"CO2_TCD"	13076
"542"	"1/18/21 2:35"	"SSB_2020-07-02_3_A"	"SSB"	2020-07-02	"3"	"A"	"CH4_TCD"	11661
"543"	"1/18/21 2:35"	"SSB_2020-07-02_3_A"	"SSB"	2020-07-02	"3"	"A"	"N2O_ECD"	-1
"544"	"1/18/21 2:50"	"SSB_2020-07-02_5_C"	"SSB"	2020-07-02	"5"	"C"	"CO2_TCD"	13204
"545"	"1/18/21 2:50"	"SSB_2020-07-02_5_C"	"SSB"	2020-07-02	"5"	"C"	"CH4_TCD"	12955
"546"	"1/18/21 2:50"	"SSB_2020-07-02_5_C"	"SSB"	2020-07-02	"5"	"C"	"N2O_ECD"	0
"547"	"1/18/21 3:51"	"TB_2020-06-24_7_B"	"TB"	2020-06-24	"7"	"B"	"CO2_TCD"	14566
"548"	"1/18/21 3:51"	"TB_2020-06-24_7_B"	"TB"	2020-06-24	"7"	"B"	"CH4_TCD"	21517
"549"	"1/18/21 3:51"	"TB_2020-06-24_7_B"	"TB"	2020-06-24	"7"	"B"	"N2O_ECD"	0
"550"	"1/18/21 4:06"	"SSB_2020-06-25_5_C"	"SSB"	2020-06-25	"5"	"C"	"CO2_TCD"	11708
"551"	"1/18/21 4:06"	"SSB_2020-06-25_5_C"	"SSB"	2020-06-25	"5"	"C"	"CH4_TCD"	11031
"552"	"1/18/21 4:06"	"SSB_2020-06-25_5_C"	"SSB"	2020-06-25	"5"	"C"	"N2O_ECD"	0
"553"	"1/18/21 4:21"	"SSB_2020-06-25_0_B"	"SSB"	2020-06-25	"0"	"B"	"CO2_TCD"	2408
"554"	"1/18/21 4:21"	"SSB_2020-06-25_0_B"	"SSB"	2020-06-25	"0"	"B"	"CH4_FID"	93
"555"	"1/18/21 4:21"	"SSB_2020-06-25_0_B"	"SSB"	2020-06-25	"0"	"B"	"N2O_ECD"	0
"556"	"1/18/21 4:36"	"TB_2020-06-30_0_B"	"TB"	2020-06-30	"0"	"B"	"CO2_TCD"	1431
"557"	"1/18/21 4:36"	"TB_2020-06-30_0_B"	"TB"	2020-06-30	"0"	"B"	"CH4_FID"	43
"558"	"1/18/21 4:36"	"TB_2020-06-30_0_B"	"TB"	2020-06-30	"0"	"B"	"N2O_ECD"	0
"559"	"1/18/21 4:51"	"TB_2020-06-30_5_B"	"TB"	2020-06-30	"5"	"B"	"CO2_TCD"	10011
"560"	"1/18/21 4:51"	"TB_2020-06-30_5_B"	"TB"	2020-06-30	"5"	"B"	"CH4_TCD"	6298
"561"	"1/18/21 4:51"	"TB_2020-06-30_5_B"	"TB"	2020-06-30	"5"	"B"	"N2O_ECD"	-1
"562"	"1/18/21 5:06"	"SSB_2020-07-02_5_A"	"SSB"	2020-07-02	"5"	"A"	"CO2_TCD"	12976
"563"	"1/18/21 5:06"	"SSB_2020-07-02_5_A"	"SSB"	2020-07-02	"5"	"A"	"CH4_TCD"	12306
"564"	"1/18/21 5:06"	"SSB_2020-07-02_5_A"	"SSB"	2020-07-02	"5"	"A"	"N2O_ECD"	-1
"565"	"1/18/21 5:21"	"SSB_2020-07-02_3_C"	"SSB"	2020-07-02	"3"	"C"	"CO2_TCD"	13040
"566"	"1/18/21 5:21"	"SSB_2020-07-02_3_C"	"SSB"	2020-07-02	"3"	"C"	"CH4_TCD"	11044
"567"	"1/18/21 5:21"	"SSB_2020-07-02_3_C"	"SSB"	2020-07-02	"3"	"C"	"N2O_ECD"	-1
"568"	"1/18/21 6:21"	"TB_2020-06-24_7_A"	"TB"	2020-06-24	"7"	"A"	"CO2_TCD"	14523
"569"	"1/18/21 6:21"	"TB_2020-06-24_7_A"	"TB"	2020-06-24	"7"	"A"	"CH4_TCD"	20430
"570"	"1/18/21 6:21"	"TB_2020-06-24_7_A"	"TB"	2020-06-24	"7"	"A"	"N2O_ECD"	-1
"571"	"1/18/21 6:36"	"SSB_2020-06-25_7_B"	"SSB"	2020-06-25	"7"	"B"	"CO2_TCD"	18125
"572"	"1/18/21 6:36"	"SSB_2020-06-25_7_B"	"SSB"	2020-06-25	"7"	"B"	"CH4_TCD"	37168
"573"	"1/18/21 6:36"	"SSB_2020-06-25_7_B"	"SSB"	2020-06-25	"7"	"B"	"N2O_ECD"	-1
"574"	"1/18/21 6:51"	"SSB_2020-06-25_0_A"	"SSB"	2020-06-25	"0"	"A"	"CO2_TCD"	2390
"575"	"1/18/21 6:51"	"SSB_2020-06-25_0_A"	"SSB"	2020-06-25	"0"	"A"	"CH4_FID"	215
"576"	"1/18/21 6:51"	"SSB_2020-06-25_0_A"	"SSB"	2020-06-25	"0"	"A"	"N2O_ECD"	0
"577"	"1/18/21 7:06"	"TB_2020-06-30_0_A"	"TB"	2020-06-30	"0"	"A"	"CO2_TCD"	1393
"578"	"1/18/21 7:06"	"TB_2020-06-30_0_A"	"TB"	2020-06-30	"0"	"A"	"CH4_FID"	50
"579"	"1/18/21 7:06"	"TB_2020-06-30_0_A"	"TB"	2020-06-30	"0"	"A"	"N2O_ECD"	0
"580"	"1/18/21 7:21"	"TB_2020-06-30_5_A"	"TB"	2020-06-30	"5"	"A"	"CO2_TCD"	10248
"581"	"1/18/21 7:21"	"TB_2020-06-30_5_A"	"TB"	2020-06-30	"5"	"A"	"CH4_TCD"	6013
"582"	"1/18/21 7:21"	"TB_2020-06-30_5_A"	"TB"	2020-06-30	"5"	"A"	"N2O_ECD"	-1
"583"	"1/18/21 7:36"	"SSB_2020-07-02_Air_1"	"SSB"	2020-07-02	"Air"	"1"	"CO2_FID"	373
"584"	"1/18/21 7:36"	"SSB_2020-07-02_Air_1"	"SSB"	2020-07-02	"Air"	"1"	"CH4_FID"	23
"585"	"1/18/21 7:36"	"SSB_2020-07-02_Air_1"	"SSB"	2020-07-02	"Air"	"1"	"N2O_ECD"	0
"586"	"1/18/21 7:51"	"SSB_2020-07-02_3_B"	"SSB"	2020-07-02	"3"	"B"	"CO2_TCD"	12990
"587"	"1/18/21 7:51"	"SSB_2020-07-02_3_B"	"SSB"	2020-07-02	"3"	"B"	"CH4_TCD"	10591
"588"	"1/18/21 7:51"	"SSB_2020-07-02_3_B"	"SSB"	2020-07-02	"3"	"B"	"N2O_ECD"	0
"589"	"1/18/21 8:51"	"TB_2020-06-24_7_C"	"TB"	2020-06-24	"7"	"C"	"CO2_TCD"	14505
"590"	"1/18/21 8:51"	"TB_2020-06-24_7_C"	"TB"	2020-06-24	"7"	"C"	"CH4_TCD"	19807
"591"	"1/18/21 8:51"	"TB_2020-06-24_7_C"	"TB"	2020-06-24	"7"	"C"	"N2O_ECD"	-1
"592"	"1/18/21 9:06"	"SSB_2020-06-25_Air_1"	"SSB"	2020-06-25	"Air"	"1"	"CO2_FID"	370
"593"	"1/18/21 9:06"	"SSB_2020-06-25_Air_1"	"SSB"	2020-06-25	"Air"	"1"	"CH4_FID"	51
"594"	"1/18/21 9:06"	"SSB_2020-06-25_Air_1"	"SSB"	2020-06-25	"Air"	"1"	"N2O_ECD"	0
"595"	"1/18/21 9:21"	"SSB_2020-06-25_3_B"	"SSB"	2020-06-25	"3"	"B"	"CO2_TCD"	11324
"596"	"1/18/21 9:21"	"SSB_2020-06-25_3_B"	"SSB"	2020-06-25	"3"	"B"	"CH4_TCD"	7878
"597"	"1/18/21 9:21"	"SSB_2020-06-25_3_B"	"SSB"	2020-06-25	"3"	"B"	"N2O_ECD"	-1
"598"	"1/18/21 9:36"	"TB_2020-06-30_0_C"	"TB"	2020-06-30	"0"	"C"	"CO2_TCD"	1420
"599"	"1/18/21 9:36"	"TB_2020-06-30_0_C"	"TB"	2020-06-30	"0"	"C"	"CH4_FID"	51
"600"	"1/18/21 9:36"	"TB_2020-06-30_0_C"	"TB"	2020-06-30	"0"	"C"	"N2O_ECD"	0
"601"	"1/18/21 9:51"	"TB_2020-06-30_3_C"	"TB"	2020-06-30	"3"	"C"	"CO2_TCD"	10981
"602"	"1/18/21 9:51"	"TB_2020-06-30_3_C"	"TB"	2020-06-30	"3"	"C"	"CH4_TCD"	5269
"603"	"1/18/21 9:51"	"TB_2020-06-30_3_C"	"TB"	2020-06-30	"3"	"C"	"N2O_ECD"	-1
"604"	"1/18/21 10:06"	"SSB_2020-07-02_0_A"	"SSB"	2020-07-02	"0"	"A"	"CO2_TCD"	1744
"605"	"1/18/21 10:06"	"SSB_2020-07-02_0_A"	"SSB"	2020-07-02	"0"	"A"	"CH4_FID"	39
"606"	"1/18/21 10:06"	"SSB_2020-07-02_0_A"	"SSB"	2020-07-02	"0"	"A"	"N2O_ECD"	0
"607"	"1/18/21 10:21"	"SSB_2020-07-02_0_C"	"SSB"	2020-07-02	"0"	"C"	"CO2_TCD"	1782
"608"	"1/18/21 10:21"	"SSB_2020-07-02_0_C"	"SSB"	2020-07-02	"0"	"C"	"CH4_FID"	84
"609"	"1/18/21 10:21"	"SSB_2020-07-02_0_C"	"SSB"	2020-07-02	"0"	"C"	"N2O_ECD"	0
"610"	"1/18/21 11:21"	"SSB_2020-06-25_Air_3"	"SSB"	2020-06-25	"Air"	"3"	"CO2_FID"	587
"611"	"1/18/21 11:21"	"SSB_2020-06-25_Air_3"	"SSB"	2020-06-25	"Air"	"3"	"CH4_FID"	469
"612"	"1/18/21 11:21"	"SSB_2020-06-25_Air_3"	"SSB"	2020-06-25	"Air"	"3"	"N2O_ECD"	0
"613"	"1/18/21 11:36"	"SSB_2020-06-25_5_B"	"SSB"	2020-06-25	"5"	"B"	"CO2_TCD"	11020
"614"	"1/18/21 11:36"	"SSB_2020-06-25_5_B"	"SSB"	2020-06-25	"5"	"B"	"CH4_TCD"	11316
"615"	"1/18/21 11:36"	"SSB_2020-06-25_5_B"	"SSB"	2020-06-25	"5"	"B"	"N2O_ECD"	-1
"616"	"1/18/21 11:51"	"SSB_2020-06-25_Air_2"	"SSB"	2020-06-25	"Air"	"2"	"CO2_FID"	362
"617"	"1/18/21 11:51"	"SSB_2020-06-25_Air_2"	"SSB"	2020-06-25	"Air"	"2"	"CH4_FID"	34
"618"	"1/18/21 11:51"	"SSB_2020-06-25_Air_2"	"SSB"	2020-06-25	"Air"	"2"	"N2O_ECD"	0
"619"	"1/18/21 12:06"	"TB_2020-06-30_3_A"	"TB"	2020-06-30	"3"	"A"	"CO2_TCD"	10796
"620"	"1/18/21 12:06"	"TB_2020-06-30_3_A"	"TB"	2020-06-30	"3"	"A"	"CH4_TCD"	5103
"621"	"1/18/21 12:06"	"TB_2020-06-30_3_A"	"TB"	2020-06-30	"3"	"A"	"N2O_ECD"	-1
"622"	"1/18/21 12:21"	"TB_2020-06-30_3_B"	"TB"	2020-06-30	"3"	"B"	"CO2_TCD"	10899
"623"	"1/18/21 12:21"	"TB_2020-06-30_3_B"	"TB"	2020-06-30	"3"	"B"	"CH4_TCD"	5333
"624"	"1/18/21 12:21"	"TB_2020-06-30_3_B"	"TB"	2020-06-30	"3"	"B"	"N2O_ECD"	-1
"625"	"1/18/21 12:36"	"SSB_2020-07-02_7_C"	"SSB"	2020-07-02	"7"	"C"	"CO2_TCD"	16336
"626"	"1/18/21 12:36"	"SSB_2020-07-02_7_C"	"SSB"	2020-07-02	"7"	"C"	"CH4_TCD"	33898
"627"	"1/18/21 12:36"	"SSB_2020-07-02_7_C"	"SSB"	2020-07-02	"7"	"C"	"N2O_ECD"	-1
"628"	"1/18/21 12:51"	"SSB_2020-07-02_7_A"	"SSB"	2020-07-02	"7"	"A"	"CO2_TCD"	18730
"629"	"1/18/21 12:51"	"SSB_2020-07-02_7_A"	"SSB"	2020-07-02	"7"	"A"	"CH4_TCD"	36889
"630"	"1/18/21 12:51"	"SSB_2020-07-02_7_A"	"SSB"	2020-07-02	"7"	"A"	"N2O_ECD"	-1
"631"	"1/18/21 15:12"	"TB_2020-06-18_Air_3"	"TB"	2020-06-18	"Air"	"3"	"CO2_FID"	356
"632"	"1/18/21 15:12"	"TB_2020-06-18_Air_3"	"TB"	2020-06-18	"Air"	"3"	"CH4_FID"	4
"633"	"1/18/21 15:12"	"TB_2020-06-18_Air_3"	"TB"	2020-06-18	"Air"	"3"	"N2O_ECD"	-1
"634"	"1/18/21 15:27"	"SSB_2020-06-18_Air_1"	"SSB"	2020-06-18	"Air"	"1"	"CO2_FID"	435
"635"	"1/18/21 15:27"	"SSB_2020-06-18_Air_1"	"SSB"	2020-06-18	"Air"	"1"	"CH4_FID"	107
"636"	"1/18/21 15:27"	"SSB_2020-06-18_Air_1"	"SSB"	2020-06-18	"Air"	"1"	"N2O_ECD"	0
"637"	"1/18/21 15:42"	"TB_2020-06-11_Air_2"	"TB"	2020-06-11	"Air"	"2"	"CO2_FID"	351
"638"	"1/18/21 15:42"	"TB_2020-06-11_Air_2"	"TB"	2020-06-11	"Air"	"2"	"CH4_FID"	3
"639"	"1/18/21 15:42"	"TB_2020-06-11_Air_2"	"TB"	2020-06-11	"Air"	"2"	"N2O_ECD"	0
"640"	"1/18/21 15:57"	"TB_2020-06-05_7_A"	"TB"	2020-06-05	"7"	"A"	"CO2_TCD"	13277
"641"	"1/18/21 15:57"	"TB_2020-06-05_7_A"	"TB"	2020-06-05	"7"	"A"	"CH4_TCD"	14946
"642"	"1/18/21 15:57"	"TB_2020-06-05_7_A"	"TB"	2020-06-05	"7"	"A"	"N2O_ECD"	-1
"643"	"1/18/21 16:13"	"TB_2020-06-05_7_C"	"TB"	2020-06-05	"7"	"C"	"CO2_TCD"	13237
"644"	"1/18/21 16:13"	"TB_2020-06-05_7_C"	"TB"	2020-06-05	"7"	"C"	"CH4_TCD"	13608
"645"	"1/18/21 16:13"	"TB_2020-06-05_7_C"	"TB"	2020-06-05	"7"	"C"	"N2O_ECD"	-1
"646"	"1/18/21 17:43"	"TB_2020-06-18_Air_2"	"TB"	2020-06-18	"Air"	"2"	"CO2_FID"	362
"647"	"1/18/21 17:43"	"TB_2020-06-18_Air_2"	"TB"	2020-06-18	"Air"	"2"	"CH4_FID"	7
"648"	"1/18/21 17:43"	"TB_2020-06-18_Air_2"	"TB"	2020-06-18	"Air"	"2"	"N2O_ECD"	0
"649"	"1/18/21 17:58"	"SSB_2020-06-18_5_C"	"SSB"	2020-06-18	"5"	"C"	"CO2_TCD"	12702
"650"	"1/18/21 17:58"	"SSB_2020-06-18_5_C"	"SSB"	2020-06-18	"5"	"C"	"CH4_TCD"	13484
"651"	"1/18/21 17:58"	"SSB_2020-06-18_5_C"	"SSB"	2020-06-18	"5"	"C"	"N2O_ECD"	-1
"652"	"1/18/21 18:13"	"TB_2020-06-11_Air_1"	"TB"	2020-06-11	"Air"	"1"	"CO2_FID"	411
"653"	"1/18/21 18:13"	"TB_2020-06-11_Air_1"	"TB"	2020-06-11	"Air"	"1"	"CH4_FID"	36
"654"	"1/18/21 18:13"	"TB_2020-06-11_Air_1"	"TB"	2020-06-11	"Air"	"1"	"N2O_ECD"	0
"655"	"1/18/21 18:28"	"TB_2020-06-05_7_B"	"TB"	2020-06-05	"7"	"B"	"CO2_TCD"	13233
"656"	"1/18/21 18:28"	"TB_2020-06-05_7_B"	"TB"	2020-06-05	"7"	"B"	"CH4_TCD"	14305
"657"	"1/18/21 18:28"	"TB_2020-06-05_7_B"	"TB"	2020-06-05	"7"	"B"	"N2O_ECD"	-1
"658"	"1/18/21 18:43"	"TB_2020-06-05_5_B"	"TB"	2020-06-05	"5"	"B"	"CO2_TCD"	9914
"659"	"1/18/21 18:43"	"TB_2020-06-05_5_B"	"TB"	2020-06-05	"5"	"B"	"CH4_TCD"	6821
"660"	"1/18/21 18:43"	"TB_2020-06-05_5_B"	"TB"	2020-06-05	"5"	"B"	"N2O_ECD"	-1
"661"	"1/18/21 20:13"	"TB_2020-06-18_Air_1"	"TB"	2020-06-18	"Air"	"1"	"CO2_FID"	569
"662"	"1/18/21 20:13"	"TB_2020-06-18_Air_1"	"TB"	2020-06-18	"Air"	"1"	"CH4_FID"	235
"663"	"1/18/21 20:13"	"TB_2020-06-18_Air_1"	"TB"	2020-06-18	"Air"	"1"	"N2O_ECD"	0
"664"	"1/18/21 20:28"	"SSB_2020-06-18_5_B"	"SSB"	2020-06-18	"5"	"B"	"CO2_TCD"	12484
"665"	"1/18/21 20:28"	"SSB_2020-06-18_5_B"	"SSB"	2020-06-18	"5"	"B"	"CH4_TCD"	12815
"666"	"1/18/21 20:28"	"SSB_2020-06-18_5_B"	"SSB"	2020-06-18	"5"	"B"	"N2O_ECD"	-1
"667"	"1/18/21 20:43"	"TB_2020-06-11_Air_3"	"TB"	2020-06-11	"Air"	"3"	"CO2_FID"	590
"668"	"1/18/21 20:43"	"TB_2020-06-11_Air_3"	"TB"	2020-06-11	"Air"	"3"	"CH4_FID"	227
"669"	"1/18/21 20:43"	"TB_2020-06-11_Air_3"	"TB"	2020-06-11	"Air"	"3"	"N2O_ECD"	0
"670"	"1/18/21 21:13"	"TB_2020-06-05_5_A"	"TB"	2020-06-05	"5"	"A"	"CO2_TCD"	9852
"671"	"1/18/21 21:13"	"TB_2020-06-05_5_A"	"TB"	2020-06-05	"5"	"A"	"CH4_TCD"	6518
"672"	"1/18/21 21:13"	"TB_2020-06-05_5_A"	"TB"	2020-06-05	"5"	"A"	"N2O_ECD"	-1
"673"	"1/18/21 22:43"	"TB_2020-06-18_7_C"	"TB"	2020-06-18	"7"	"C"	"CO2_TCD"	14321
"674"	"1/18/21 22:43"	"TB_2020-06-18_7_C"	"TB"	2020-06-18	"7"	"C"	"CH4_TCD"	17494
"675"	"1/18/21 22:43"	"TB_2020-06-18_7_C"	"TB"	2020-06-18	"7"	"C"	"N2O_ECD"	-1
"676"	"1/18/21 22:58"	"SSB_2020-06-18_5_A"	"SSB"	2020-06-18	"5"	"A"	"CO2_TCD"	13126
"677"	"1/18/21 22:58"	"SSB_2020-06-18_5_A"	"SSB"	2020-06-18	"5"	"A"	"CH4_TCD"	15433
"678"	"1/18/21 22:58"	"SSB_2020-06-18_5_A"	"SSB"	2020-06-18	"5"	"A"	"N2O_ECD"	-1
"679"	"1/18/21 23:13"	"TB_2020-06-11_7_B"	"TB"	2020-06-11	"7"	"B"	"CO2_TCD"	11732
"680"	"1/18/21 23:13"	"TB_2020-06-11_7_B"	"TB"	2020-06-11	"7"	"B"	"CH4_TCD"	13080
"681"	"1/18/21 23:13"	"TB_2020-06-11_7_B"	"TB"	2020-06-11	"7"	"B"	"N2O_ECD"	-1
"682"	"1/18/21 23:43"	"TB_2020-06-05_5_C"	"TB"	2020-06-05	"5"	"C"	"CO2_TCD"	9826
"683"	"1/18/21 23:43"	"TB_2020-06-05_5_C"	"TB"	2020-06-05	"5"	"C"	"CH4_TCD"	6497
"684"	"1/18/21 23:43"	"TB_2020-06-05_5_C"	"TB"	2020-06-05	"5"	"C"	"N2O_ECD"	-1
"685"	"1/19/21 1:13"	"TB_2020-06-18_7_B"	"TB"	2020-06-18	"7"	"B"	"CO2_TCD"	14399
"686"	"1/19/21 1:13"	"TB_2020-06-18_7_B"	"TB"	2020-06-18	"7"	"B"	"CH4_TCD"	16787
"687"	"1/19/21 1:13"	"TB_2020-06-18_7_B"	"TB"	2020-06-18	"7"	"B"	"N2O_ECD"	-1
"688"	"1/19/21 1:29"	"SSB_2020-06-18_3_C"	"SSB"	2020-06-18	"3"	"C"	"CO2_TCD"	11937
"689"	"1/19/21 1:29"	"SSB_2020-06-18_3_C"	"SSB"	2020-06-18	"3"	"C"	"CH4_TCD"	8616
"690"	"1/19/21 1:29"	"SSB_2020-06-18_3_C"	"SSB"	2020-06-18	"3"	"C"	"N2O_ECD"	-1
"691"	"1/19/21 1:44"	"TB_2020-06-11_7_C"	"TB"	2020-06-11	"7"	"C"	"CO2_TCD"	11899
"692"	"1/19/21 1:44"	"TB_2020-06-11_7_C"	"TB"	2020-06-11	"7"	"C"	"CH4_TCD"	13669
"693"	"1/19/21 1:44"	"TB_2020-06-11_7_C"	"TB"	2020-06-11	"7"	"C"	"N2O_ECD"	-1
"694"	"1/19/21 2:14"	"TB_2020-06-05_3_B"	"TB"	2020-06-05	"3"	"B"	"CO2_TCD"	9459
"695"	"1/19/21 2:14"	"TB_2020-06-05_3_B"	"TB"	2020-06-05	"3"	"B"	"CH4_TCD"	4689
"696"	"1/19/21 2:14"	"TB_2020-06-05_3_B"	"TB"	2020-06-05	"3"	"B"	"N2O_ECD"	0
"697"	"1/19/21 3:29"	"TB_2020-06-18_0_C"	"TB"	2020-06-18	"0"	"C"	"CO2_TCD"	1499
"698"	"1/19/21 3:29"	"TB_2020-06-18_0_C"	"TB"	2020-06-18	"0"	"C"	"CH4_FID"	21
"699"	"1/19/21 3:29"	"TB_2020-06-18_0_C"	"TB"	2020-06-18	"0"	"C"	"N2O_ECD"	0
"700"	"1/19/21 3:44"	"TB_2020-06-18_7_A"	"TB"	2020-06-18	"7"	"A"	"CO2_TCD"	14143
"701"	"1/19/21 3:44"	"TB_2020-06-18_7_A"	"TB"	2020-06-18	"7"	"A"	"CH4_TCD"	17333
"702"	"1/19/21 3:44"	"TB_2020-06-18_7_A"	"TB"	2020-06-18	"7"	"A"	"N2O_ECD"	-1
"703"	"1/19/21 3:59"	"SSB_2020-06-18_3_B"	"SSB"	2020-06-18	"3"	"B"	"CO2_TCD"	11850
"704"	"1/19/21 3:59"	"SSB_2020-06-18_3_B"	"SSB"	2020-06-18	"3"	"B"	"CH4_TCD"	8026
"705"	"1/19/21 3:59"	"SSB_2020-06-18_3_B"	"SSB"	2020-06-18	"3"	"B"	"N2O_ECD"	-1
"706"	"1/19/21 4:14"	"TB_2020-06-11_7_A"	"TB"	2020-06-11	"7"	"A"	"CO2_TCD"	11989
"707"	"1/19/21 4:14"	"TB_2020-06-11_7_A"	"TB"	2020-06-11	"7"	"A"	"CH4_TCD"	13461
"708"	"1/19/21 4:14"	"TB_2020-06-11_7_A"	"TB"	2020-06-11	"7"	"A"	"N2O_ECD"	-1
"709"	"1/19/21 4:29"	"TB_2020-06-11_0_C"	"TB"	2020-06-11	"0"	"C"	"CO2_TCD"	1901
"710"	"1/19/21 4:29"	"TB_2020-06-11_0_C"	"TB"	2020-06-11	"0"	"C"	"CH4_FID"	98
"711"	"1/19/21 4:29"	"TB_2020-06-11_0_C"	"TB"	2020-06-11	"0"	"C"	"N2O_ECD"	0
"712"	"1/19/21 4:44"	"TB_2020-06-05_3_A"	"TB"	2020-06-05	"3"	"A"	"CO2_TCD"	9479
"713"	"1/19/21 4:44"	"TB_2020-06-05_3_A"	"TB"	2020-06-05	"3"	"A"	"CH4_TCD"	4939
"714"	"1/19/21 4:44"	"TB_2020-06-05_3_A"	"TB"	2020-06-05	"3"	"A"	"N2O_ECD"	-1
"715"	"1/19/21 5:59"	"TB_2020-06-18_0_B"	"TB"	2020-06-18	"0"	"B"	"CO2_TCD"	1476
"716"	"1/19/21 5:59"	"TB_2020-06-18_0_B"	"TB"	2020-06-18	"0"	"B"	"CH4_FID"	21
"717"	"1/19/21 5:59"	"TB_2020-06-18_0_B"	"TB"	2020-06-18	"0"	"B"	"N2O_ECD"	0
"718"	"1/19/21 6:14"	"TB_2020-06-18_5_C"	"TB"	2020-06-18	"5"	"C"	"CO2_TCD"	10311
"719"	"1/19/21 6:14"	"TB_2020-06-18_5_C"	"TB"	2020-06-18	"5"	"C"	"CH4_TCD"	5997
"720"	"1/19/21 6:14"	"TB_2020-06-18_5_C"	"TB"	2020-06-18	"5"	"C"	"N2O_ECD"	-1
"721"	"1/19/21 6:29"	"SSB_2020-06-18_3_A"	"SSB"	2020-06-18	"3"	"A"	"CO2_TCD"	11801
"722"	"1/19/21 6:29"	"SSB_2020-06-18_3_A"	"SSB"	2020-06-18	"3"	"A"	"CH4_TCD"	7864
"723"	"1/19/21 6:29"	"SSB_2020-06-18_3_A"	"SSB"	2020-06-18	"3"	"A"	"N2O_ECD"	-1
"724"	"1/19/21 6:44"	"TB_2020-06-11_5_B"	"TB"	2020-06-11	"5"	"B"	"CO2_TCD"	9496
"725"	"1/19/21 6:44"	"TB_2020-06-11_5_B"	"TB"	2020-06-11	"5"	"B"	"CH4_TCD"	6144
"726"	"1/19/21 6:44"	"TB_2020-06-11_5_B"	"TB"	2020-06-11	"5"	"B"	"N2O_ECD"	-1
"727"	"1/19/21 6:59"	"TB_2020-06-11_0_A"	"TB"	2020-06-11	"0"	"A"	"CO2_TCD"	2033
"728"	"1/19/21 6:59"	"TB_2020-06-11_0_A"	"TB"	2020-06-11	"0"	"A"	"CH4_FID"	76
"729"	"1/19/21 6:59"	"TB_2020-06-11_0_A"	"TB"	2020-06-11	"0"	"A"	"N2O_ECD"	-1
"730"	"1/19/21 7:14"	"TB_2020-06-05_3_C"	"TB"	2020-06-05	"3"	"C"	"CO2_TCD"	9525
"731"	"1/19/21 7:14"	"TB_2020-06-05_3_C"	"TB"	2020-06-05	"3"	"C"	"CH4_TCD"	4759
"732"	"1/19/21 7:14"	"TB_2020-06-05_3_C"	"TB"	2020-06-05	"3"	"C"	"N2O_ECD"	-1
"733"	"1/19/21 8:30"	"TB_2020-06-18_0_A"	"TB"	2020-06-18	"0"	"A"	"CO2_TCD"	1479
"734"	"1/19/21 8:30"	"TB_2020-06-18_0_A"	"TB"	2020-06-18	"0"	"A"	"CH4_FID"	19
"735"	"1/19/21 8:30"	"TB_2020-06-18_0_A"	"TB"	2020-06-18	"0"	"A"	"N2O_ECD"	0
"736"	"1/19/21 8:45"	"TB_2020-06-18_5_B"	"TB"	2020-06-18	"5"	"B"	"CO2_TCD"	10237
"737"	"1/19/21 8:45"	"TB_2020-06-18_5_B"	"TB"	2020-06-18	"5"	"B"	"CH4_TCD"	5929
"738"	"1/19/21 8:45"	"TB_2020-06-18_5_B"	"TB"	2020-06-18	"5"	"B"	"N2O_ECD"	-1
"739"	"1/19/21 9:00"	"SSB_2020-06-18_0_C"	"SSB"	2020-06-18	"0"	"C"	"CO2_TCD"	1623
"740"	"1/19/21 9:00"	"SSB_2020-06-18_0_C"	"SSB"	2020-06-18	"0"	"C"	"CH4_FID"	41
"741"	"1/19/21 9:00"	"SSB_2020-06-18_0_C"	"SSB"	2020-06-18	"0"	"C"	"N2O_ECD"	0
"742"	"1/19/21 9:15"	"TB_2020-06-11_5_C"	"TB"	2020-06-11	"5"	"C"	"CO2_TCD"	9544
"743"	"1/19/21 9:15"	"TB_2020-06-11_5_C"	"TB"	2020-06-11	"5"	"C"	"CH4_TCD"	6554
"744"	"1/19/21 9:15"	"TB_2020-06-11_5_C"	"TB"	2020-06-11	"5"	"C"	"N2O_ECD"	-1
"745"	"1/19/21 9:30"	"TB_2020-06-11_0_B"	"TB"	2020-06-11	"0"	"B"	"CO2_TCD"	2008
"746"	"1/19/21 9:30"	"TB_2020-06-11_0_B"	"TB"	2020-06-11	"0"	"B"	"CH4_FID"	71
"747"	"1/19/21 9:30"	"TB_2020-06-11_0_B"	"TB"	2020-06-11	"0"	"B"	"N2O_ECD"	-1
"748"	"1/19/21 9:45"	"TB_2020-06-05_0_A"	"TB"	2020-06-05	"0"	"A"	"CO2_TCD"	1508
"749"	"1/19/21 9:45"	"TB_2020-06-05_0_A"	"TB"	2020-06-05	"0"	"A"	"CH4_FID"	21
"750"	"1/19/21 9:45"	"TB_2020-06-05_0_A"	"TB"	2020-06-05	"0"	"A"	"N2O_ECD"	0
"751"	"1/19/21 11:00"	"TB_2020-06-18_3_A"	"TB"	2020-06-18	"3"	"A"	"CO2_TCD"	10498
"752"	"1/19/21 11:00"	"TB_2020-06-18_3_A"	"TB"	2020-06-18	"3"	"A"	"CH4_TCD"	4975
"753"	"1/19/21 11:00"	"TB_2020-06-18_3_A"	"TB"	2020-06-18	"3"	"A"	"N2O_ECD"	-1
"754"	"1/19/21 11:15"	"TB_2020-06-18_5_A"	"TB"	2020-06-18	"5"	"A"	"CO2_TCD"	10305
"755"	"1/19/21 11:15"	"TB_2020-06-18_5_A"	"TB"	2020-06-18	"5"	"A"	"CH4_TCD"	5818
"756"	"1/19/21 11:15"	"TB_2020-06-18_5_A"	"TB"	2020-06-18	"5"	"A"	"N2O_ECD"	-1
"757"	"1/19/21 11:30"	"SSB_2020-06-18_0_B"	"SSB"	2020-06-18	"0"	"B"	"CO2_TCD"	1698
"758"	"1/19/21 11:30"	"SSB_2020-06-18_0_B"	"SSB"	2020-06-18	"0"	"B"	"CH4_FID"	129
"759"	"1/19/21 11:30"	"SSB_2020-06-18_0_B"	"SSB"	2020-06-18	"0"	"B"	"N2O_ECD"	0
"760"	"1/19/21 11:46"	"TB_2020-06-11_5_A"	"TB"	2020-06-11	"5"	"A"	"CO2_TCD"	9601
"761"	"1/19/21 11:46"	"TB_2020-06-11_5_A"	"TB"	2020-06-11	"5"	"A"	"CH4_TCD"	6539
"762"	"1/19/21 11:46"	"TB_2020-06-11_5_A"	"TB"	2020-06-11	"5"	"A"	"N2O_ECD"	-1
"763"	"1/19/21 12:01"	"TB_2020-06-11_3_C"	"TB"	2020-06-11	"3"	"C"	"CO2_TCD"	9449
"764"	"1/19/21 12:01"	"TB_2020-06-11_3_C"	"TB"	2020-06-11	"3"	"C"	"CH4_TCD"	4943
"765"	"1/19/21 12:01"	"TB_2020-06-11_3_C"	"TB"	2020-06-11	"3"	"C"	"N2O_ECD"	-1
"766"	"1/19/21 12:16"	"TB_2020-06-11_3_B"	"TB"	2020-06-11	"3"	"B"	"CO2_TCD"	8820
"767"	"1/19/21 12:16"	"TB_2020-06-11_3_B"	"TB"	2020-06-11	"3"	"B"	"CH4_TCD"	4610
"768"	"1/19/21 12:16"	"TB_2020-06-11_3_B"	"TB"	2020-06-11	"3"	"B"	"N2O_ECD"	-1
"769"	"1/19/21 13:31"	"TB_2020-06-18_3_B"	"TB"	2020-06-18	"3"	"B"	"CO2_TCD"	10284
"770"	"1/19/21 13:31"	"TB_2020-06-18_3_B"	"TB"	2020-06-18	"3"	"B"	"CH4_TCD"	5009
"771"	"1/19/21 13:31"	"TB_2020-06-18_3_B"	"TB"	2020-06-18	"3"	"B"	"N2O_ECD"	-1
"772"	"1/19/21 13:46"	"TB_2020-06-18_3_C"	"TB"	2020-06-18	"3"	"C"	"CO2_TCD"	10087
"773"	"1/19/21 13:46"	"TB_2020-06-18_3_C"	"TB"	2020-06-18	"3"	"C"	"CH4_TCD"	4566
"774"	"1/19/21 13:46"	"TB_2020-06-18_3_C"	"TB"	2020-06-18	"3"	"C"	"N2O_ECD"	-1
"775"	"1/19/21 14:01"	"SSB_2020-06-18_0_A"	"SSB"	2020-06-18	"0"	"A"	"CO2_TCD"	1533
"776"	"1/19/21 14:01"	"SSB_2020-06-18_0_A"	"SSB"	2020-06-18	"0"	"A"	"CH4_FID"	79
"777"	"1/19/21 14:01"	"SSB_2020-06-18_0_A"	"SSB"	2020-06-18	"0"	"A"	"N2O_ECD"	-1
"778"	"1/19/21 14:16"	"TB_2020-06-11_3_A"	"TB"	2020-06-11	"3"	"A"	"CO2_TCD"	9277
"779"	"1/19/21 14:16"	"TB_2020-06-11_3_A"	"TB"	2020-06-11	"3"	"A"	"CH4_TCD"	4558
"780"	"1/19/21 14:16"	"TB_2020-06-11_3_A"	"TB"	2020-06-11	"3"	"A"	"N2O_ECD"	-1
"781"	"1/19/21 14:31"	"SSB_2020-07-11_0_A"	"SSB"	2020-07-11	"0"	"A"	"CO2_TCD"	1777
"782"	"1/19/21 14:31"	"SSB_2020-07-11_0_A"	"SSB"	2020-07-11	"0"	"A"	"CH4_FID"	84
"783"	"1/19/21 14:31"	"SSB_2020-07-11_0_A"	"SSB"	2020-07-11	"0"	"A"	"N2O_ECD"	-1
"784"	"1/19/21 14:46"	"SSB_2020-07-11_7_A"	"SSB"	2020-07-11	"7"	"A"	"CO2_TCD"	20656
"785"	"1/19/21 14:46"	"SSB_2020-07-11_7_A"	"SSB"	2020-07-11	"7"	"A"	"CH4_TCD"	48839
"786"	"1/19/21 14:46"	"SSB_2020-07-11_7_A"	"SSB"	2020-07-11	"7"	"A"	"N2O_ECD"	-1
"787"	"1/19/21 16:21"	"SSB_2020-07-11_0_C"	"SSB"	2020-07-11	"0"	"C"	"CO2_TCD"	1987
"788"	"1/19/21 16:21"	"SSB_2020-07-11_0_C"	"SSB"	2020-07-11	"0"	"C"	"CH4_FID"	83
"789"	"1/19/21 16:21"	"SSB_2020-07-11_0_C"	"SSB"	2020-07-11	"0"	"C"	"N2O_ECD"	-1
"790"	"1/19/21 17:06"	"SSB_2020-07-16_3_B"	"SSB"	2020-07-16	"3"	"B"	"CO2_TCD"	12882
"791"	"1/19/21 17:06"	"SSB_2020-07-16_3_B"	"SSB"	2020-07-16	"3"	"B"	"CH4_TCD"	10686
"792"	"1/19/21 17:06"	"SSB_2020-07-16_3_B"	"SSB"	2020-07-16	"3"	"B"	"N2O_ECD"	-1
"793"	"1/19/21 17:21"	"SSB_2020-07-16_Air_2"	"SSB"	2020-07-16	"Air"	"2"	"CO2_FID"	362
"794"	"1/19/21 17:21"	"SSB_2020-07-16_Air_2"	"SSB"	2020-07-16	"Air"	"2"	"CH4_FID"	32
"795"	"1/19/21 17:21"	"SSB_2020-07-16_Air_2"	"SSB"	2020-07-16	"Air"	"2"	"N2O_ECD"	-1
"796"	"1/19/21 18:06"	"SSB_2020-07-23_5_C"	"SSB"	2020-07-23	"5"	"C"	"CO2_TCD"	13061
"797"	"1/19/21 18:06"	"SSB_2020-07-23_5_C"	"SSB"	2020-07-23	"5"	"C"	"CH4_TCD"	14829
"798"	"1/19/21 18:06"	"SSB_2020-07-23_5_C"	"SSB"	2020-07-23	"5"	"C"	"N2O_ECD"	-1
"799"	"1/19/21 18:21"	"TB_2020-07-07_0_B"	"TB"	2020-07-07	"0"	"B"	"CO2_TCD"	1771
"800"	"1/19/21 18:21"	"TB_2020-07-07_0_B"	"TB"	2020-07-07	"0"	"B"	"CH4_FID"	84
"801"	"1/19/21 18:21"	"TB_2020-07-07_0_B"	"TB"	2020-07-07	"0"	"B"	"N2O_ECD"	-1
"802"	"1/19/21 18:36"	"SSB_2020-07-11_7_C"	"SSB"	2020-07-11	"7"	"C"	"CO2_TCD"	20477
"803"	"1/19/21 18:36"	"SSB_2020-07-11_7_C"	"SSB"	2020-07-11	"7"	"C"	"CH4_TCD"	46937
"804"	"1/19/21 18:36"	"SSB_2020-07-11_7_C"	"SSB"	2020-07-11	"7"	"C"	"N2O_ECD"	-1
"805"	"1/19/21 18:52"	"SSB_2020-7-11_5_A"	"SSB"	2020-07-11	"5"	"A"	"CO2_TCD"	13416
"806"	"1/19/21 18:52"	"SSB_2020-7-11_5_A"	"SSB"	2020-07-11	"5"	"A"	"CH4_TCD"	13873
"807"	"1/19/21 18:52"	"SSB_2020-7-11_5_A"	"SSB"	2020-07-11	"5"	"A"	"N2O_ECD"	-1
"808"	"1/19/21 19:37"	"SSB_2020-07-16_Air_3"	"SSB"	2020-07-16	"Air"	"3"	"CO2_FID"	889
"809"	"1/19/21 19:37"	"SSB_2020-07-16_Air_3"	"SSB"	2020-07-16	"Air"	"3"	"CO2_TCD"	1010
"810"	"1/19/21 19:37"	"SSB_2020-07-16_Air_3"	"SSB"	2020-07-16	"Air"	"3"	"CH4_TCD"	1189
"811"	"1/19/21 19:37"	"SSB_2020-07-16_Air_3"	"SSB"	2020-07-16	"Air"	"3"	"N2O_ECD"	-1
"812"	"1/19/21 19:52"	"SSB_2020-07-16_0_B"	"SSB"	2020-07-16	"0"	"B"	"CO2_TCD"	2348
"813"	"1/19/21 19:52"	"SSB_2020-07-16_0_B"	"SSB"	2020-07-16	"0"	"B"	"CH4_FID"	93
"814"	"1/19/21 19:52"	"SSB_2020-07-16_0_B"	"SSB"	2020-07-16	"0"	"B"	"N2O_ECD"	-1
"815"	"1/19/21 20:37"	"SSB_2020-07-23_7_A"	"SSB"	2020-07-23	"7"	"A"	"CO2_TCD"	19397
"816"	"1/19/21 20:37"	"SSB_2020-07-23_7_A"	"SSB"	2020-07-23	"7"	"A"	"CH4_TCD"	46142
"817"	"1/19/21 20:37"	"SSB_2020-07-23_7_A"	"SSB"	2020-07-23	"7"	"A"	"N2O_ECD"	-1
"818"	"1/19/21 20:52"	"TB_2020-07-07_0_A"	"TB"	2020-07-07	"0"	"A"	"CO2_TCD"	1820
"819"	"1/19/21 20:52"	"TB_2020-07-07_0_A"	"TB"	2020-07-07	"0"	"A"	"CH4_FID"	163
"820"	"1/19/21 20:52"	"TB_2020-07-07_0_A"	"TB"	2020-07-07	"0"	"A"	"N2O_ECD"	-1
"821"	"1/19/21 21:07"	"SSB_2020-07-11_3_A"	"SSB"	2020-07-11	"3"	"A"	"CO2_TCD"	12468
"822"	"1/19/21 21:07"	"SSB_2020-07-11_3_A"	"SSB"	2020-07-11	"3"	"A"	"CH4_TCD"	10698
"823"	"1/19/21 21:07"	"SSB_2020-07-11_3_A"	"SSB"	2020-07-11	"3"	"A"	"N2O_ECD"	-1
"824"	"1/19/21 21:22"	"SSB_2020-07-11_Air_3"	"SSB"	2020-07-11	"Air"	"3"	"CO2_FID"	714
"825"	"1/19/21 21:22"	"SSB_2020-07-11_Air_3"	"SSB"	2020-07-11	"Air"	"3"	"CH4_FID"	699
"826"	"1/19/21 21:22"	"SSB_2020-07-11_Air_3"	"SSB"	2020-07-11	"Air"	"3"	"N2O_ECD"	-1
"827"	"1/19/21 21:52"	"TB_2020-07-16_0_B"	"TB"	2020-07-16	"0"	"B"	"CO2_TCD"	2968
"828"	"1/19/21 21:52"	"TB_2020-07-16_0_B"	"TB"	2020-07-16	"0"	"B"	"CH4_FID"	60
"829"	"1/19/21 21:52"	"TB_2020-07-16_0_B"	"TB"	2020-07-16	"0"	"B"	"N2O_ECD"	-1
"830"	"1/19/21 22:08"	"SSB_2020-07-16_7_A"	"SSB"	2020-07-16	"7"	"A"	"CO2_TCD"	19896
"831"	"1/19/21 22:08"	"SSB_2020-07-16_7_A"	"SSB"	2020-07-16	"7"	"A"	"CH4_TCD"	46206
"832"	"1/19/21 22:08"	"SSB_2020-07-16_7_A"	"SSB"	2020-07-16	"7"	"A"	"N2O_ECD"	-1
"833"	"1/19/21 22:23"	"SSB_2020-07-16_Air_1"	"SSB"	2020-07-16	"Air"	"1"	"CO2_FID"	392
"834"	"1/19/21 22:23"	"SSB_2020-07-16_Air_1"	"SSB"	2020-07-16	"Air"	"1"	"CH4_FID"	139
"835"	"1/19/21 22:23"	"SSB_2020-07-16_Air_1"	"SSB"	2020-07-16	"Air"	"1"	"N2O_ECD"	-1
"836"	"1/19/21 23:08"	"SSB_2020-07-23_7_B"	"SSB"	2020-07-23	"7"	"B"	"CO2_TCD"	19181
"837"	"1/19/21 23:08"	"SSB_2020-07-23_7_B"	"SSB"	2020-07-23	"7"	"B"	"CH4_TCD"	45141
"838"	"1/19/21 23:08"	"SSB_2020-07-23_7_B"	"SSB"	2020-07-23	"7"	"B"	"N2O_ECD"	-1
"839"	"1/19/21 23:23"	"TB_2020-07-07_3_A"	"TB"	2020-07-07	"3"	"A"	"CO2_TCD"	10851
"840"	"1/19/21 23:23"	"TB_2020-07-07_3_A"	"TB"	2020-07-07	"3"	"A"	"CH4_TCD"	5305
"841"	"1/19/21 23:23"	"TB_2020-07-07_3_A"	"TB"	2020-07-07	"3"	"A"	"N2O_ECD"	-1
"842"	"1/19/21 23:38"	"SSB_2020-07-16_7_C"	"SSB"	2020-07-16	"7"	"C"	"CO2_TCD"	19758
"843"	"1/19/21 23:38"	"SSB_2020-07-16_7_C"	"SSB"	2020-07-16	"7"	"C"	"CH4_TCD"	44253
"844"	"1/19/21 23:38"	"SSB_2020-07-16_7_C"	"SSB"	2020-07-16	"7"	"C"	"N2O_ECD"	-1
"845"	"1/20/21 0:08"	"TB_2020-07-16_0_A"	"TB"	2020-07-16	"0"	"A"	"CO2_TCD"	2889
"846"	"1/20/21 0:08"	"TB_2020-07-16_0_A"	"TB"	2020-07-16	"0"	"A"	"CH4_FID"	86
"847"	"1/20/21 0:08"	"TB_2020-07-16_0_A"	"TB"	2020-07-16	"0"	"A"	"N2O_ECD"	-1
"848"	"1/20/21 0:23"	"TB_2020-07-16_Air_1"	"TB"	2020-07-16	"Air"	"1"	"CO2_FID"	339
"849"	"1/20/21 0:23"	"TB_2020-07-16_Air_1"	"TB"	2020-07-16	"Air"	"1"	"CH4_FID"	21
"850"	"1/20/21 0:23"	"TB_2020-07-16_Air_1"	"TB"	2020-07-16	"Air"	"1"	"N2O_ECD"	-1
"851"	"1/20/21 0:38"	"SSB_2020-07-16_7_B"	"SSB"	2020-07-16	"7"	"B"	"CO2_TCD"	19871
"852"	"1/20/21 0:38"	"SSB_2020-07-16_7_B"	"SSB"	2020-07-16	"7"	"B"	"CH4_TCD"	45207
"853"	"1/20/21 0:38"	"SSB_2020-07-16_7_B"	"SSB"	2020-07-16	"7"	"B"	"N2O_ECD"	-1
"854"	"1/20/21 1:09"	"TB_2020-07-22_0_A"	"TB"	2020-07-22	"0"	"A"	"CO2_TCD"	2786
"855"	"1/20/21 1:09"	"TB_2020-07-22_0_A"	"TB"	2020-07-22	"0"	"A"	"CH4_FID"	112
"856"	"1/20/21 1:09"	"TB_2020-07-22_0_A"	"TB"	2020-07-22	"0"	"A"	"N2O_ECD"	-1
"857"	"1/20/21 1:24"	"SSB_2020-07-23_3_B"	"SSB"	2020-07-23	"3"	"B"	"CO2_TCD"	12438
"858"	"1/20/21 1:24"	"SSB_2020-07-23_3_B"	"SSB"	2020-07-23	"3"	"B"	"CH4_TCD"	10791
"859"	"1/20/21 1:24"	"SSB_2020-07-23_3_B"	"SSB"	2020-07-23	"3"	"B"	"N2O_ECD"	-1
"860"	"1/20/21 1:39"	"TB_2020-07-07_3_C"	"TB"	2020-07-07	"3"	"C"	"CO2_TCD"	10796
"861"	"1/20/21 1:39"	"TB_2020-07-07_3_C"	"TB"	2020-07-07	"3"	"C"	"CH4_TCD"	5260
"862"	"1/20/21 1:39"	"TB_2020-07-07_3_C"	"TB"	2020-07-07	"3"	"C"	"N2O_ECD"	-1
"863"	"1/20/21 1:54"	"SSB_2020-07-11_3_B"	"SSB"	2020-07-11	"3"	"B"	"CO2_TCD"	11526
"864"	"1/20/21 1:54"	"SSB_2020-07-11_3_B"	"SSB"	2020-07-11	"3"	"B"	"CH4_TCD"	9714
"865"	"1/20/21 1:54"	"SSB_2020-07-11_3_B"	"SSB"	2020-07-11	"3"	"B"	"N2O_ECD"	-1
"866"	"1/20/21 2:09"	"SSB_2020-07-11_Air_1"	"SSB"	2020-07-11	"Air"	"1"	"CO2_FID"	391
"867"	"1/20/21 2:09"	"SSB_2020-07-11_Air_1"	"SSB"	2020-07-11	"Air"	"1"	"CH4_FID"	42
"868"	"1/20/21 2:09"	"SSB_2020-07-11_Air_1"	"SSB"	2020-07-11	"Air"	"1"	"N2O_ECD"	-1
"869"	"1/20/21 2:39"	"TB_2020-07-16_0_C"	"TB"	2020-07-16	"0"	"C"	"CO2_TCD"	2956
"870"	"1/20/21 2:39"	"TB_2020-07-16_0_C"	"TB"	2020-07-16	"0"	"C"	"CH4_FID"	60
"871"	"1/20/21 2:39"	"TB_2020-07-16_0_C"	"TB"	2020-07-16	"0"	"C"	"N2O_ECD"	-1
"872"	"1/20/21 2:54"	"TB_2020-07-16_Air_2"	"TB"	2020-07-16	"Air"	"2"	"CO2_FID"	334
"873"	"1/20/21 2:54"	"TB_2020-07-16_Air_2"	"TB"	2020-07-16	"Air"	"2"	"CH4_FID"	5
"874"	"1/20/21 2:54"	"TB_2020-07-16_Air_2"	"TB"	2020-07-16	"Air"	"2"	"N2O_ECD"	0
"875"	"1/20/21 3:09"	"SSB_2020-07-16_3_C"	"SSB"	2020-07-16	"3"	"C"	"CO2_TCD"	7601
"876"	"1/20/21 3:09"	"SSB_2020-07-16_3_C"	"SSB"	2020-07-16	"3"	"C"	"CH4_TCD"	6116
"877"	"1/20/21 3:09"	"SSB_2020-07-16_3_C"	"SSB"	2020-07-16	"3"	"C"	"N2O_ECD"	-1
"878"	"1/20/21 3:39"	"TB_2020-07-22_0_B"	"TB"	2020-07-22	"0"	"B"	"CO2_TCD"	2753
"879"	"1/20/21 3:39"	"TB_2020-07-22_0_B"	"TB"	2020-07-22	"0"	"B"	"CH4_FID"	101
"880"	"1/20/21 3:39"	"TB_2020-07-22_0_B"	"TB"	2020-07-22	"0"	"B"	"N2O_ECD"	0
"881"	"1/20/21 3:54"	"SSB_2020-07-23_3_A"	"SSB"	2020-07-23	"3"	"A"	"CO2_TCD"	12340
"882"	"1/20/21 3:54"	"SSB_2020-07-23_3_A"	"SSB"	2020-07-23	"3"	"A"	"CH4_TCD"	10354
"883"	"1/20/21 3:54"	"SSB_2020-07-23_3_A"	"SSB"	2020-07-23	"3"	"A"	"N2O_ECD"	-1
"884"	"1/20/21 4:10"	"TB_2020-07-07_3_B"	"TB"	2020-07-07	"3"	"B"	"CO2_TCD"	10670
"885"	"1/20/21 4:10"	"TB_2020-07-07_3_B"	"TB"	2020-07-07	"3"	"B"	"CH4_TCD"	5044
"886"	"1/20/21 4:10"	"TB_2020-07-07_3_B"	"TB"	2020-07-07	"3"	"B"	"N2O_ECD"	-1
"887"	"1/20/21 4:25"	"TB_2020-07-07_Air_2"	"TB"	2020-07-07	"Air"	"2"	"CO2_FID"	400
"888"	"1/20/21 4:25"	"TB_2020-07-07_Air_2"	"TB"	2020-07-07	"Air"	"2"	"CH4_FID"	27
"889"	"1/20/21 4:25"	"TB_2020-07-07_Air_2"	"TB"	2020-07-07	"Air"	"2"	"N2O_ECD"	0
"890"	"1/20/21 4:40"	"SSB_2020-07-11_7_B"	"SSB"	2020-07-11	"7"	"B"	"CO2_TCD"	20487
"891"	"1/20/21 4:40"	"SSB_2020-07-11_7_B"	"SSB"	2020-07-11	"7"	"B"	"CH4_TCD"	48096
"892"	"1/20/21 4:40"	"SSB_2020-07-11_7_B"	"SSB"	2020-07-11	"7"	"B"	"N2O_ECD"	-1
"893"	"1/20/21 5:10"	"TB_2020-07-16_3_A"	"TB"	2020-07-16	"3"	"A"	"CO2_TCD"	10485
"894"	"1/20/21 5:10"	"TB_2020-07-16_3_A"	"TB"	2020-07-16	"3"	"A"	"CH4_TCD"	5001
"895"	"1/20/21 5:10"	"TB_2020-07-16_3_A"	"TB"	2020-07-16	"3"	"A"	"N2O_ECD"	-1
"896"	"1/20/21 5:25"	"TB_2020-07-16_Air_3"	"TB"	2020-07-16	"Air"	"3"	"CO2_FID"	666
"897"	"1/20/21 5:25"	"TB_2020-07-16_Air_3"	"TB"	2020-07-16	"Air"	"3"	"CH4_FID"	387
"898"	"1/20/21 5:25"	"TB_2020-07-16_Air_3"	"TB"	2020-07-16	"Air"	"3"	"N2O_ECD"	-1
"899"	"1/20/21 5:40"	"SSB_2020-07-16_0_A"	"SSB"	2020-07-16	"0"	"A"	"CO2_TCD"	1569
"900"	"1/20/21 5:40"	"SSB_2020-07-16_0_A"	"SSB"	2020-07-16	"0"	"A"	"CH4_FID"	56
"901"	"1/20/21 5:40"	"SSB_2020-07-16_0_A"	"SSB"	2020-07-16	"0"	"A"	"N2O_ECD"	0
"902"	"1/20/21 6:10"	"TB_2020-07-22_0_C"	"TB"	2020-07-22	"0"	"C"	"CO2_TCD"	2748
"903"	"1/20/21 6:10"	"TB_2020-07-22_0_C"	"TB"	2020-07-22	"0"	"C"	"CH4_FID"	78
"904"	"1/20/21 6:10"	"TB_2020-07-22_0_C"	"TB"	2020-07-22	"0"	"C"	"N2O_ECD"	0
"905"	"1/20/21 6:25"	"SSB_2020-07-23_3_C"	"SSB"	2020-07-23	"3"	"C"	"CO2_TCD"	12372
"906"	"1/20/21 6:25"	"SSB_2020-07-23_3_C"	"SSB"	2020-07-23	"3"	"C"	"CH4_TCD"	10772
"907"	"1/20/21 6:25"	"SSB_2020-07-23_3_C"	"SSB"	2020-07-23	"3"	"C"	"N2O_ECD"	-1
"908"	"1/20/21 6:41"	"TB_2020-07-07_5_A"	"TB"	2020-07-07	"5"	"A"	"CO2_TCD"	10837
"909"	"1/20/21 6:41"	"TB_2020-07-07_5_A"	"TB"	2020-07-07	"5"	"A"	"CH4_TCD"	7023
"910"	"1/20/21 6:41"	"TB_2020-07-07_5_A"	"TB"	2020-07-07	"5"	"A"	"N2O_ECD"	-1
"911"	"1/20/21 6:56"	"TB_2020-07-07_Air_1"	"TB"	2020-07-07	"Air"	"1"	"CO2_FID"	396
"912"	"1/20/21 6:56"	"TB_2020-07-07_Air_1"	"TB"	2020-07-07	"Air"	"1"	"CH4_FID"	28
"913"	"1/20/21 6:56"	"TB_2020-07-07_Air_1"	"TB"	2020-07-07	"Air"	"1"	"N2O_ECD"	0
"914"	"1/20/21 7:11"	"SSB_2020-07-11_Air_2"	"SSB"	2020-07-11	"Air"	"2"	"CO2_FID"	354
"915"	"1/20/21 7:11"	"SSB_2020-07-11_Air_2"	"SSB"	2020-07-11	"Air"	"2"	"CH4_FID"	11
"916"	"1/20/21 7:11"	"SSB_2020-07-11_Air_2"	"SSB"	2020-07-11	"Air"	"2"	"N2O_ECD"	-1
"917"	"1/20/21 7:41"	"TB_2020-07-16_3_C"	"TB"	2020-07-16	"3"	"C"	"CO2_TCD"	10510
"918"	"1/20/21 7:41"	"TB_2020-07-16_3_C"	"TB"	2020-07-16	"3"	"C"	"CH4_TCD"	5182
"919"	"1/20/21 7:41"	"TB_2020-07-16_3_C"	"TB"	2020-07-16	"3"	"C"	"N2O_ECD"	-1
"920"	"1/20/21 7:56"	"TB_2020-07-16_7_B"	"TB"	2020-07-16	"7"	"B"	"CO2_TCD"	14275
"921"	"1/20/21 7:56"	"TB_2020-07-16_7_B"	"TB"	2020-07-16	"7"	"B"	"CH4_TCD"	18724
"922"	"1/20/21 7:56"	"TB_2020-07-16_7_B"	"TB"	2020-07-16	"7"	"B"	"N2O_ECD"	-1
"923"	"1/20/21 8:11"	"SSB_2020-07-16_5_B"	"SSB"	2020-07-16	"5"	"B"	"CO2_TCD"	12438
"924"	"1/20/21 8:11"	"SSB_2020-07-16_5_B"	"SSB"	2020-07-16	"5"	"B"	"CH4_TCD"	12871
"925"	"1/20/21 8:11"	"SSB_2020-07-16_5_B"	"SSB"	2020-07-16	"5"	"B"	"N2O_ECD"	-1
"926"	"1/20/21 8:41"	"TB_2020-07-22_Air_1"	"TB"	2020-07-22	"Air"	"1"	"CO2_FID"	360
"927"	"1/20/21 8:41"	"TB_2020-07-22_Air_1"	"TB"	2020-07-22	"Air"	"1"	"CH4_FID"	15
"928"	"1/20/21 8:41"	"TB_2020-07-22_Air_1"	"TB"	2020-07-22	"Air"	"1"	"N2O_ECD"	0
"929"	"1/20/21 8:57"	"SSB_2020-07-23_5_A"	"SSB"	2020-07-23	"5"	"A"	"CO2_TCD"	13057
"930"	"1/20/21 8:57"	"SSB_2020-07-23_5_A"	"SSB"	2020-07-23	"5"	"A"	"CH4_TCD"	14992
"931"	"1/20/21 8:57"	"SSB_2020-07-23_5_A"	"SSB"	2020-07-23	"5"	"A"	"N2O_ECD"	-1
"932"	"1/20/21 9:12"	"TB_2020-07-07_5_C"	"TB"	2020-07-07	"5"	"C"	"CO2_TCD"	10796
"933"	"1/20/21 9:12"	"TB_2020-07-07_5_C"	"TB"	2020-07-07	"5"	"C"	"CH4_TCD"	7374
"934"	"1/20/21 9:12"	"TB_2020-07-07_5_C"	"TB"	2020-07-07	"5"	"C"	"N2O_ECD"	-1
"935"	"1/20/21 9:27"	"TB_2020-07-07_Air_3"	"TB"	2020-07-07	"Air"	"3"	"CO2_FID"	605
"936"	"1/20/21 9:27"	"TB_2020-07-07_Air_3"	"TB"	2020-07-07	"Air"	"3"	"CH4_FID"	294
"937"	"1/20/21 9:27"	"TB_2020-07-07_Air_3"	"TB"	2020-07-07	"Air"	"3"	"N2O_ECD"	0
"938"	"1/20/21 9:42"	"SSB_2020-07-11_5_C"	"SSB"	2020-07-11	"5"	"C"	"CO2_TCD"	13114
"939"	"1/20/21 9:42"	"SSB_2020-07-11_5_C"	"SSB"	2020-07-11	"5"	"C"	"CH4_TCD"	13550
"940"	"1/20/21 9:42"	"SSB_2020-07-11_5_C"	"SSB"	2020-07-11	"5"	"C"	"N2O_ECD"	-1
"941"	"1/20/21 10:12"	"TB_2020-07-16_3_B"	"TB"	2020-07-16	"3"	"B"	"CO2_TCD"	10535
"942"	"1/20/21 10:12"	"TB_2020-07-16_3_B"	"TB"	2020-07-16	"3"	"B"	"CH4_TCD"	5057
"943"	"1/20/21 10:12"	"TB_2020-07-16_3_B"	"TB"	2020-07-16	"3"	"B"	"N2O_ECD"	0
"944"	"1/20/21 10:27"	"TB_2020-07-16_7_A"	"TB"	2020-07-16	"7"	"A"	"CO2_TCD"	14421
"945"	"1/20/21 10:27"	"TB_2020-07-16_7_A"	"TB"	2020-07-16	"7"	"A"	"CH4_TCD"	18415
"946"	"1/20/21 10:27"	"TB_2020-07-16_7_A"	"TB"	2020-07-16	"7"	"A"	"N2O_ECD"	0
"947"	"1/20/21 10:42"	"SSB_2020-07-16_3_A"	"SSB"	2020-07-16	"3"	"A"	"CO2_TCD"	7754
"948"	"1/20/21 10:42"	"SSB_2020-07-16_3_A"	"SSB"	2020-07-16	"3"	"A"	"CH4_TCD"	6404
"949"	"1/20/21 10:42"	"SSB_2020-07-16_3_A"	"SSB"	2020-07-16	"3"	"A"	"N2O_ECD"	0
"950"	"1/20/21 11:13"	"TB_2020-07-22_Air_2"	"TB"	2020-07-22	"Air"	"2"	"CO2_FID"	357
"951"	"1/20/21 11:13"	"TB_2020-07-22_Air_2"	"TB"	2020-07-22	"Air"	"2"	"CH4_FID"	12
"952"	"1/20/21 11:13"	"TB_2020-07-22_Air_2"	"TB"	2020-07-22	"Air"	"2"	"N2O_ECD"	0
"953"	"1/20/21 11:28"	"SSB_2020-07-23_0_C"	"SSB"	2020-07-23	"0"	"C"	"CO2_TCD"	3926
"954"	"1/20/21 11:28"	"SSB_2020-07-23_0_C"	"SSB"	2020-07-23	"0"	"C"	"CH4_FID"	172
"955"	"1/20/21 11:28"	"SSB_2020-07-23_0_C"	"SSB"	2020-07-23	"0"	"C"	"N2O_ECD"	0
"956"	"1/20/21 11:43"	"TB_2020-07-07_5_B"	"TB"	2020-07-07	"5"	"B"	"CO2_TCD"	10752
"957"	"1/20/21 11:43"	"TB_2020-07-07_5_B"	"TB"	2020-07-07	"5"	"B"	"CH4_TCD"	6953
"958"	"1/20/21 11:43"	"TB_2020-07-07_5_B"	"TB"	2020-07-07	"5"	"B"	"N2O_ECD"	0
"959"	"1/20/21 11:58"	"TB_2020-07-07_7_B"	"TB"	2020-07-07	"7"	"B"	"CO2_TCD"	15840
"960"	"1/20/21 11:58"	"TB_2020-07-07_7_B"	"TB"	2020-07-07	"7"	"B"	"CH4_TCD"	20157
"961"	"1/20/21 11:58"	"TB_2020-07-07_7_B"	"TB"	2020-07-07	"7"	"B"	"N2O_ECD"	0
"962"	"1/20/21 12:13"	"SSB_2020-07-11_5_B"	"SSB"	2020-07-11	"5"	"B"	"CO2_TCD"	13182
"963"	"1/20/21 12:13"	"SSB_2020-07-11_5_B"	"SSB"	2020-07-11	"5"	"B"	"CH4_TCD"	14177
"964"	"1/20/21 12:13"	"SSB_2020-07-11_5_B"	"SSB"	2020-07-11	"5"	"B"	"N2O_ECD"	0
"965"	"1/20/21 12:43"	"TB_2020-07-16_5_B"	"TB"	2020-07-16	"5"	"B"	"CO2_TCD"	10227
"966"	"1/20/21 12:43"	"TB_2020-07-16_5_B"	"TB"	2020-07-16	"5"	"B"	"CH4_TCD"	6815
"967"	"1/20/21 12:43"	"TB_2020-07-16_5_B"	"TB"	2020-07-16	"5"	"B"	"N2O_ECD"	0
"968"	"1/20/21 12:58"	"TB_2020-07-16_7_C"	"TB"	2020-07-16	"7"	"C"	"CO2_TCD"	14161
"969"	"1/20/21 12:58"	"TB_2020-07-16_7_C"	"TB"	2020-07-16	"7"	"C"	"CH4_TCD"	17586
"970"	"1/20/21 12:58"	"TB_2020-07-16_7_C"	"TB"	2020-07-16	"7"	"C"	"N2O_ECD"	0
"971"	"1/20/21 13:14"	"SSB_2020-07-16_0_C"	"SSB"	2020-07-16	"0"	"C"	"CO2_TCD"	1737
"972"	"1/20/21 13:14"	"SSB_2020-07-16_0_C"	"SSB"	2020-07-16	"0"	"C"	"CH4_FID"	127
"973"	"1/20/21 13:14"	"SSB_2020-07-16_0_C"	"SSB"	2020-07-16	"0"	"C"	"N2O_ECD"	0
"974"	"1/20/21 13:44"	"TB_2020-07-22_Air_3"	"TB"	2020-07-22	"Air"	"3"	"CO2_FID"	431
"975"	"1/20/21 13:44"	"TB_2020-07-22_Air_3"	"TB"	2020-07-22	"Air"	"3"	"CH4_FID"	10
"976"	"1/20/21 13:44"	"TB_2020-07-22_Air_3"	"TB"	2020-07-22	"Air"	"3"	"N2O_ECD"	0
"977"	"1/20/21 13:59"	"SSB_2020-07-23_0_A"	"SSB"	2020-07-23	"0"	"A"	"CO2_TCD"	3957
"978"	"1/20/21 13:59"	"SSB_2020-07-23_0_A"	"SSB"	2020-07-23	"0"	"A"	"CH4_FID"	182
"979"	"1/20/21 13:59"	"SSB_2020-07-23_0_A"	"SSB"	2020-07-23	"0"	"A"	"N2O_ECD"	0
"980"	"1/20/21 14:14"	"TB_2020-07-07_7_C"	"TB"	2020-07-07	"7"	"C"	"CO2_TCD"	15443
"981"	"1/20/21 14:14"	"TB_2020-07-07_7_C"	"TB"	2020-07-07	"7"	"C"	"CH4_TCD"	19266
"982"	"1/20/21 14:14"	"TB_2020-07-07_7_C"	"TB"	2020-07-07	"7"	"C"	"N2O_ECD"	0
"983"	"1/20/21 14:29"	"TB_2020-07-07_7_A"	"TB"	2020-07-07	"7"	"A"	"CO2_TCD"	15314
"984"	"1/20/21 14:29"	"TB_2020-07-07_7_A"	"TB"	2020-07-07	"7"	"A"	"CH4_TCD"	19631
"985"	"1/20/21 14:29"	"TB_2020-07-07_7_A"	"TB"	2020-07-07	"7"	"A"	"N2O_ECD"	0
"986"	"1/20/21 14:44"	"SSB_2020-07-11_0_B"	"SSB"	2020-07-11	"0"	"B"	"CO2_TCD"	1716
"987"	"1/20/21 14:44"	"SSB_2020-07-11_0_B"	"SSB"	2020-07-11	"0"	"B"	"CH4_FID"	138
"988"	"1/20/21 14:44"	"SSB_2020-07-11_0_B"	"SSB"	2020-07-11	"0"	"B"	"N2O_ECD"	0
"989"	"1/20/21 15:15"	"TB_2020-07-16_5_A"	"TB"	2020-07-16	"5"	"A"	"CO2_TCD"	10218
"990"	"1/20/21 15:15"	"TB_2020-07-16_5_A"	"TB"	2020-07-16	"5"	"A"	"CH4_TCD"	6577
"991"	"1/20/21 15:15"	"TB_2020-07-16_5_A"	"TB"	2020-07-16	"5"	"A"	"N2O_ECD"	0
"992"	"1/20/21 15:30"	"TB_2020-07-16_5_C"	"TB"	2020-07-16	"5"	"C"	"CO2_TCD"	10057
"993"	"1/20/21 15:30"	"TB_2020-07-16_5_C"	"TB"	2020-07-16	"5"	"C"	"CH4_TCD"	6145
"994"	"1/20/21 15:30"	"TB_2020-07-16_5_C"	"TB"	2020-07-16	"5"	"C"	"N2O_ECD"	0
"995"	"1/20/21 15:45"	"SSB_2020-07-16_5_C"	"SSB"	2020-07-16	"5"	"C"	"CO2_TCD"	8337
"996"	"1/20/21 15:45"	"SSB_2020-07-16_5_C"	"SSB"	2020-07-16	"5"	"C"	"CH4_TCD"	8104
"997"	"1/20/21 15:45"	"SSB_2020-07-16_5_C"	"SSB"	2020-07-16	"5"	"C"	"N2O_ECD"	0
"998"	"1/20/21 16:00"	"SSB_2020-07-16_5_A"	"SSB"	2020-07-16	"5"	"A"	"CO2_TCD"	12802
"999"	"1/20/21 16:00"	"SSB_2020-07-16_5_A"	"SSB"	2020-07-16	"5"	"A"	"CH4_TCD"	13024
"1000"	"1/20/21 16:00"	"SSB_2020-07-16_5_A"	"SSB"	2020-07-16	"5"	"A"	"N2O_ECD"	0
"1001"	"1/20/21 16:15"	"SSB_2020-07-23_Air_3"	"SSB"	2020-07-23	"Air"	"3"	"CO2_FID"	371
"1002"	"1/20/21 16:15"	"SSB_2020-07-23_Air_3"	"SSB"	2020-07-23	"Air"	"3"	"CH4_FID"	45
"1003"	"1/20/21 16:15"	"SSB_2020-07-23_Air_3"	"SSB"	2020-07-23	"Air"	"3"	"N2O_ECD"	0
"1004"	"1/20/21 16:46"	"SSB_2020-07-23_7_C"	"SSB"	2020-07-23	"7"	"C"	"CO2_TCD"	19109
"1005"	"1/20/21 16:46"	"SSB_2020-07-23_7_C"	"SSB"	2020-07-23	"7"	"C"	"CH4_TCD"	45473
"1006"	"1/20/21 16:46"	"SSB_2020-07-23_7_C"	"SSB"	2020-07-23	"7"	"C"	"N2O_ECD"	-1
